text,label,source
"just woke up and honestly have no idea what day it is anymore. send help lol",1,claude
"The mitochondria is often referred to as the powerhouse of the cell, and while that description is technically accurate, it undersells just how complex and essential this organelle truly is.",1,claude
"okay so i tried the new ramen place downtown and bro... it was life changing. the broth had like 12 hours of work in it you could just TELL",1,claude
"cant believe i have an exam tmrw and im here watching youtube at 2am. classic me honestly",1,claude
"Machine learning models trained on imbalanced datasets tend to exhibit a strong bias toward the majority class, which is why techniques like SMOTE or class-weight adjustment are critical during preprocessing.",1,claude
"feeling kinda off today. not sad exactly, just like... hollow? does anyone else get that",1,claude
"The French Revolution fundamentally reshaped the political landscape of Europe, not only by dismantling the ancien régime in France but by exporting revolutionary ideals that destabilized monarchies across the continent.",1,claude
"ngl the new season is mid. they really fumbled the character arcs after episode 4",1,claude
"I just submitted my thesis draft and I genuinely don't know how to feel. Six years of work in a PDF. Wild.",1,claude
"the way my dog stares at me while I eat is both adorable and deeply unsettling",1,claude
"To implement a binary search tree in Python, you define a Node class with left and right pointers, then recursively insert values by comparing them to the current node's key.",1,claude
"why is coffee so good in the morning but disgusting if i leave it for 20 mins and try to drink it cold. why does it betray me like this",1,claude
"Climate change is no longer a distant threat — it is a present reality that demands coordinated global policy, technological innovation, and a fundamental rethinking of how economies measure growth.",1,claude
"I think what hurt the most wasn't the breakup itself. it was realizing I'd been lonely even when we were together.",1,claude
"ok unpopular opinion but pineapple on pizza is genuinely good and you're all cowards for disagreeing",1,claude
"The TCP/IP handshake process involves three steps: SYN, SYN-ACK, and ACK. This ensures both endpoints are ready to communicate before any data is transmitted.",1,claude
"genuinely forgot to eat lunch again. my body is running on spite and cold brew at this point",1,claude
"There's something quietly beautiful about old libraries. The smell of aging paper, the dim lighting, the sense that every book holds a conversation frozen in time.",1,claude
"just lost a 20 kill game because my teammate decided to build a staircase to the sky in the final circle. im done.",1,claude
"In organic chemistry, a nucleophile is an electron-rich species that donates electrons to form a new covalent bond, typically attacking electrophilic carbon centers.",1,claude
"my mom texted me a voice memo of her laughing at her own joke and honestly that's the most wholesome thing that's happened to me all week",1,claude
"The debate around universal basic income is complex. Proponents argue it would reduce poverty and provide a safety net in an increasingly automated economy, while critics worry about inflation and reduced work incentives.",1,claude
"3am thoughts: do fish know they're in water? like does it feel like something to them or is it just... existence",1,claude
"Finished Dark Souls for the first time ever. I cried a little. Not gonna explain it. You either get it or you don't.",1,claude
"our group project has four people and exactly one person doing work. it me. i am the one person.",1,claude
"The decline of insect populations globally is one of the most underreported ecological crises of our time. Without pollinators, entire agricultural systems face collapse.",1,claude
"okay can someone explain to me why some countries drive on the left side of the road. this has been bothering me for YEARS",1,claude
"depression isn't always crying in bed. sometimes it's finishing an entire TV series in a day and still feeling empty after",1,claude
"REST APIs use HTTP methods like GET, POST, PUT, and DELETE to perform CRUD operations. A well-designed API should be stateless and use resource-based URLs that are intuitive and consistent.",1,claude
"the audacity of my upstairs neighbor to be rearranging furniture at 11pm on a Tuesday is genuinely impressive",1,claude
"I've been thinking a lot about how we remember people after they're gone. We keep the best version of them preserved in memory, which is maybe a mercy.",1,claude
"bro my code worked first try and i don't trust it at all. something is definitely wrong somewhere",1,claude
"Quantum entanglement describes a phenomenon where two particles become correlated in such a way that the state of one instantly influences the state of the other, regardless of the distance between them.",1,claude
"just saw my ex at the grocery store and we both pretended to be very interested in different types of pasta for like 4 minutes",1,claude
"The Silk Road wasn't just a trade route for goods — it was a conduit for ideas, religions, diseases, and technologies that shaped civilizations across Eurasia for over a millennium.",1,claude
"not to be dramatic but i would actually die for my cat",1,claude
"I've been freelancing for two years now and the hardest part isn't the work — it's the silence between projects when you wonder if the work will ever come back.",1,claude
"To calculate the time complexity of a recursive function, identify the recurrence relation and then apply the Master Theorem or draw out the recursion tree to analyze branching and depth.",1,claude
"POV: it's Sunday evening and the dread is setting in before Monday. A classic.",1,claude
"The way light filters through leaves in a forest in the early morning hours is one of those small, free things that can make you feel unexpectedly grateful to be alive.",1,claude
"honestly tired of hustle culture. it's okay to just exist sometimes. you don't need to monetize every hobby or optimize every hour.",1,claude
"Transformer architecture revolutionized NLP by replacing recurrent networks with self-attention mechanisms that could process entire sequences in parallel, dramatically improving both speed and performance.",1,claude
"my laptop fan just started sounding like a fighter jet so i guess this is how my evening goes",1,claude
"There are exactly two types of people: those who read the instructions and those who build it wrong and then read the instructions.",1,claude
"The concept of entropy in thermodynamics describes the tendency of systems to move toward disorder. In information theory, Shannon repurposed this idea to quantify uncertainty in a message.",1,claude
"sometimes I read old texts from people who aren't in my life anymore and I feel something I genuinely don't have a word for",1,claude
"Every single time I try to parallel park with people watching me I forget how cars work entirely",1,claude
"In distributed systems, the CAP theorem states that a system cannot simultaneously guarantee consistency, availability, and partition tolerance — it must sacrifice one of the three.",1,claude
"im at the stage of assignment-writing where i've reformatted my bibliography three times to avoid writing the actual conclusion",1,claude
"The philosophical question of whether free will exists has been debated for centuries. Determinists argue every action is the result of prior causes, while compatibilists believe free will and determinism can coexist.",1,claude
"found my journal from when I was 16 and honestly that kid was going through it. shoutout to her for surviving.",1,claude
"okay so hear me out: Mario Kart Rainbow Road is the final boss of friendship destruction",1,claude
"Epigenetics studies heritable changes in gene expression that don't involve alterations to the DNA sequence itself — environmental factors can effectively switch genes on or off.",1,claude
"i sent a very vulnerable text and they left me on read for six hours. just turn me into a frog and end it",1,claude
"One of the most underrated skills in software engineering is knowing when NOT to write code — when a simpler, existing solution is better than a custom implementation.",1,claude
"my roommate made dinner without telling me and just left me a plate and honestly that's the kindest thing anyone's done for me this month",1,claude
"The Amazon rainforest produces roughly 20% of the world's oxygen and is home to an estimated 10% of all species on Earth, making its preservation an issue of global, not merely regional, importance.",1,claude
"I think we grieve differently in the digital age. People's social media stays up after they die and sometimes you just stumble into it.",1,claude
"why do I always feel like I'm the only one who doesn't know what they're doing with their life and then I talk to literally anyone and they say the same thing",1,claude
"In game theory, a Nash equilibrium is a state where no player can improve their outcome by unilaterally changing their strategy, given the strategies of all other players.",1,claude
"the specific anxiety of waiting for someone to read a long important message you sent is truly its own genre of suffering",1,claude
"just want to be somewhere warm with good food and zero responsibilities. is that too much to ask",1,claude
"Gradient descent is an optimization algorithm that iteratively adjusts model parameters in the direction opposite to the gradient of the loss function, minimizing error over training iterations.",1,claude
"nothing hits like finishing a run when you genuinely didn't want to start it. that shower after is spiritual.",1,claude
"I've been thinking about how strange it is that we spend so much time performing versions of ourselves for people we barely know.",1,claude
"accidentally called my professor 'mom' and i am never emotionally recovering from this",1,claude
"The Industrial Revolution didn't just change economies — it reshaped family structures, urbanization patterns, childhood, labor, and the very concept of time through factory scheduling.",1,claude
"idk who needs to hear this but you're allowed to just like things without having to justify them to anyone",1,claude
"Using async/await in JavaScript allows you to write asynchronous code in a synchronous style, improving readability over callback-based or promise-chaining patterns.",1,claude
"lost my AirPods AGAIN. they are somewhere in this apartment laughing at me. i can feel it.",1,claude
"Stoicism isn't about suppressing emotions — it's about developing the wisdom to distinguish what's within your control from what isn't, and focusing your energy accordingly.",1,claude
"the amount of tabs i have open is genuinely a mental health concern",1,claude
"There is a particular kind of loneliness that comes from being in a crowd and feeling entirely invisible. It's different from being alone — in some ways it's sharper.",1,claude
"if your code passes all the test cases but you have no idea why, that's not a win. that's a threat.",1,claude
"Neural networks with deep architectures can approximate arbitrarily complex functions, but they require careful regularization techniques — like dropout and L2 penalty — to prevent overfitting on training data.",1,claude
"some days are just about getting through them. that counts. it really does.",1,claude
"the last slice of pizza energy is a completely different vibe from the first slice energy. harder to explain than it should be.",1,claude
"Constitutional law evolves through judicial interpretation, and landmark cases often reveal deep tensions between the original text, legislative intent, and contemporary societal values.",1,claude
"I need everyone to understand that the transition from November to December feels like a psychological reset button and I won't be elaborating",1,claude
"heap sort is stable? no. is it efficient for nearly sorted data? also no. does it still show up in interviews? unfortunately yes.",1,claude
"there's something about rainy days that makes me want to do nothing productive and feel completely at peace about it",1,claude
"The placebo effect is far more nuanced than most people realize — it involves genuine physiological changes, not just self-deception, and its mechanisms are still an active area of neuroscience research.",1,claude
"genuinely cannot believe adulthood is just making the same grocery list slightly differently every week forever",1,claude
"ok which one of you taught my grandma to use reaction gifs because she's been sending me crying laughing emojis on every message including condolences",1,claude
"In linear algebra, eigenvectors represent directions that remain unchanged under a linear transformation, while eigenvalues describe the scaling factor applied along those directions.",1,claude
"the 'we should hang out more' text that both people send and neither person acts on is a uniquely modern social contract",1,claude
"I used to think productivity meant doing more. Now I think it means doing the right things with enough rest in between to do them well.",1,claude
"someone complimented my handwriting and i've been riding that high for three days",1,claude
"When analyzing time series data, it's essential to check for stationarity before applying models like ARIMA. The Augmented Dickey-Fuller test is a common method for this.",1,claude
"my cat knocked my water off the desk and then looked me dead in the eye and walked away. this is what living with a small sociopath feels like.",1,claude
"The ethics of AI development raise urgent questions about accountability, bias, and the concentration of power in the hands of a small number of private companies.",1,claude
"we don't talk enough about how weird it is that humans decided to ferment things and then eat them. cheese is just controlled rotting. we love it.",1,claude
"at some point in your mid-twenties you just start genuinely enjoying a quiet evening at home and it's not sad, it's just... growth?",1,claude
"Object-oriented programming organizes software around objects rather than functions. Encapsulation, inheritance, and polymorphism are the three core pillars that make OOP flexible and reusable.",1,claude
"thought about texting first but then remembered my dignity. barely.",1,claude
"The theory of relativity fundamentally altered our understanding of space and time, revealing that they are not absolute but relative to the observer's frame of reference.",1,claude
"my study method is reading the same paragraph seventeen times and understanding it slightly less each time",1,claude
"finished a book today that I've been meaning to read for two years. why do we hoard unread books like they're emotional insurance",1,claude
"In SQL, a JOIN combines rows from two or more tables based on a related column. INNER JOIN returns only matched rows, while LEFT JOIN includes all rows from the left table regardless of a match.",1,claude
"my anxiety has anxiety. we are all doing our best in this household.",1,claude
"There is a strange intimacy in knowing someone's coffee order. It's a small piece of ordinary life that somehow feels significant.",1,claude
"I installed a new Linux kernel and now my WiFi doesn't work. What year is it. Why do I do this to myself.",1,claude
"The global food system is responsible for roughly one-third of all greenhouse gas emissions, which means dietary choices — particularly in high-income countries — have significant climate implications.",1,claude
"going to the gym for the first time after a month-long break is a humbling experience. like meeting an enemy you forgot you had.",1,claude
"type safety in Rust isn't just a compile-time nicety — it fundamentally eliminates entire categories of bugs like null pointer dereferences and data races that plague C/C++ codebases.",1,claude
"the way some people say 'per my last email' in the most passive aggressively professional way possible is genuinely an art form",1,claude
"I've been learning piano for six months and I'm still in the 'impressive to children under eight' phase",1,claude
"Recursion works by breaking a problem into smaller instances of the same problem until a base case is reached. The call stack manages each recursive call, which is why deeply nested recursion can cause stack overflow.",1,claude
"hot take: most meetings could have been a Slack message and most Slack messages could have been nothing",1,claude
"there's something poetic about how autumn is the season where things are simultaneously the most beautiful and actively dying",1,claude
"my brain at 2pm: capable, focused, efficient. my brain at 11pm when i should sleep: let's revisit every embarrassing memory from 2009",1,claude
"Bioaccumulation refers to the increase in concentration of a substance in an organism over time, while biomagnification describes how those concentrations amplify as you move up the food chain.",1,claude
"the specific relief of finishing an exam and then immediately forgetting everything you studied is deeply concerning and also universal",1,claude
"found twenty dollars in an old jacket. this is better than christmas.",1,claude
"To write clean code, prioritize readability over cleverness. Code is read far more often than it is written, and a future maintainer — who might be you — will thank you for clarity.",1,claude
"i'm not procrastinating I'm just letting the problem marinate in my subconscious. it's a technique.",1,claude
"The Ottoman Empire at its height controlled three continents and was one of the longest-lived empires in history, lasting over six centuries before its dissolution after World War I.",1,claude
"you ever text someone and then immediately regret the punctuation you chose",1,claude
"honestly the best part of finishing a huge project isn't the result. it's the moment right after when you remember who you were before it consumed your life.",1,claude
"In Pokémon competitive, IV spreads matter way more than casuals think. Running a 0 speed IV on a trick room team is a deliberate strategic choice, not a mistake.",1,claude
"the housing market right now is just a polite way of saying 'please rent forever and die owing someone money'",1,claude
"Hashing algorithms like SHA-256 are designed to be one-way functions: easy to compute in one direction, computationally infeasible to reverse. This property makes them essential for password storage.",1,claude
"I had the most vivid dream last night and now I can't fully remember it but it left me with this feeling I can't shake and idk what to do with that",1,claude
"it is genuinely insane how much of professional email culture is just carefully worded passive aggression wrapped in courtesy",1,claude
"When building microservices, loose coupling and high cohesion are the guiding principles. Each service should own its domain, expose a clear API, and be deployable independently.",1,claude
"I genuinely don't understand how some people exercise first thing in the morning. My body doesn't negotiate with itself before 8am.",1,claude
"cognitive behavioral therapy changed how I think about my thoughts — not as truths, but as events in the mind that I can observe without necessarily acting on",1,claude
"my entire personality before coffee is just ambient noise with shoes",1,claude
"The dopaminergic reward pathway in the brain reinforces behaviors by releasing dopamine in response to anticipated or received rewards, which is why both gambling and social media exploit similar mechanisms.",1,claude
"trying to explain to my parents why a meme is funny is an experience that has repeatedly broken something in me",1,claude
"I think the most underrated skill in writing is knowing what to leave out",1,claude
"When you run git rebase instead of git merge, you rewrite commit history to create a linear sequence, which can make the log cleaner but should never be done on shared branches.",1,claude
"today was one of those days where everything technically went fine but I feel inexplicably exhausted",1,claude
"The speed of light in a vacuum is approximately 299,792 kilometers per second — a universal constant that underpins both special relativity and the definition of the meter itself.",1,claude
"watching my friends become parents is the strangest thing. we were passing a fake ID around six years ago and now they're responsible for a human.",1,claude
"every time I think I understand CSS, it humbles me again. flexbox felt like mastery until grid showed up and rearranged my entire worldview",1,claude
"2am me: what if the universe is just a simulation and nothing matters. 9am me: okay but coffee first and then existential dread",1,claude
"The process of peer review in academic publishing, while imperfect, remains one of the most reliable mechanisms we have for quality-controlling the dissemination of scientific knowledge.",1,claude
"ngl I've rewritten this paragraph four times and it's getting worse with every attempt",1,claude
"There is no ethical framework that cleanly resolves every moral dilemma — consequentialism, deontology, and virtue ethics each capture something important and each breaks down in different edge cases.",1,claude
"my search history is just evidence that I spent 40 minutes researching something, convinced myself it was too expensive, and then bought it anyway",1,claude
"Getting a PR approved after three rounds of review comments is the developer equivalent of completing a hero's journey",1,claude
"In fluid dynamics, laminar flow occurs when fluid moves in smooth, parallel layers with no disruption. Turbulent flow, by contrast, involves chaotic changes in pressure and velocity.",1,claude
"i feel like everyone else is on chapter seven of their life and I'm still rereading the first page",1,claude
"The way a city sounds at 4am — that particular quietness interrupted by distant vehicles and the occasional bird — is one of the strangest and most peaceful experiences available to humans.",1,claude
"okay but why does rereading a book you loved hit completely differently the second time. like you're not the same person who read it first and that's both comforting and devastating",1,claude
"Docker containers solve the 'works on my machine' problem by packaging the application with its dependencies into a portable, isolated unit that runs consistently across environments.",1,claude
"today I smiled at a stranger and they smiled back and honestly that's my whole personality arc for this week",1,claude
"There are currently more stars in the observable universe than grains of sand on all of Earth's beaches — a comparison that does something strange to your sense of scale.",1,claude
"I said 'you too' when the waiter said enjoy your meal and I have been thinking about it for fourteen hours",1,claude
"the homework that's due tomorrow that I haven't started is currently winning our psychological warfare",1,claude
"In economics, the concept of opportunity cost refers to the value of the next-best alternative foregone when a decision is made — a reminder that every choice implicitly involves trade-offs.",1,claude
"feeling nostalgic for a version of my childhood home that probably wasn't as perfect as I remember it being",1,claude
"if you push to main without a PR I will find you and we will have a conversation about it",1,claude
"honestly therapy has taught me that 'I'm fine' is just a placeholder sentence until I figure out what's actually going on",1,claude
"The phonograph, the telegraph, and the printing press each triggered moral panics about the decline of authentic human connection. Every generation believes its technology is uniquely corrosive.",1,claude
"every group chat has one person who only appears to send memes and one person who sends voice notes that are longer than podcasts",1,claude
"I'm at the stage of the semester where I either have everything under control or I'm in complete denial about not having anything under control and I honestly can't tell which",1,claude
"A compiler translates source code to machine code in one step, while an interpreter executes code line by line. This distinction affects performance, debugging, and portability in meaningful ways.",1,claude
"something about finishing a long run in the rain feels like you've proven something to yourself even if no one else was watching",1,claude
"the housing crisis, climate change, and student debt are all structural problems being sold to us as personal responsibility issues and i'm tired",1,claude
"Photosynthesis converts light energy into chemical energy stored as glucose, using carbon dioxide and water as reactants and releasing oxygen as a byproduct.",1,claude
"had a dream that I aced my presentation and woke up at 6am to realize I still had to give it. betrayed by my own subconscious.",1,claude
"One of the understated joys of adulthood is buying exactly the kind of cereal you wanted as a child and eating it for dinner with zero consequences.",1,claude
"when the bug you've been hunting for three days turns out to be a missing semicolon, you enter a specific type of dissociation",1,claude
"Colonialism wasn't just a political or economic system — it was a epistemic project that systematically devalued non-Western knowledge, culture, and ways of organizing society.",1,claude
"i got so into a book last night I forgot to eat dinner and I'm not even slightly sorry",1,claude
"every time i get a notification that someone liked a post i made three years ago i am forced to briefly relive who i was in 2021",1,claude
"Supervised learning involves training a model on labeled data, while unsupervised learning finds patterns in unlabeled data. The choice between them depends on data availability and the nature of the problem.",1,claude
"rest days feel wrong when you're used to moving but they're not failure. they're part of the process. the adaptation happens when you rest.",1,claude
"The role of mythology in ancient societies wasn't merely entertainment — it encoded cosmological beliefs, ethical frameworks, and social norms in narratively compelling form.",1,claude
"i have the emotional regulation of a sleep-deprived toddler when my code compiles but doesn't run correctly",1,claude
"there is no silence as loud as the silence right after you send an email to the wrong person",1,claude
"In formal writing, the passive voice is not inherently incorrect — in scientific contexts, it appropriately shifts focus from the actor to the action or result being described.",1,claude
"every time I think I've outgrown imposter syndrome, a slightly more experienced room proves me wrong",1,claude
"The beauty of open-source software isn't just the code — it's the social infrastructure of trust, contribution norms, and collective maintenance that makes sustainable projects possible.",1,claude
"i'm starting to think 'adulting' is just doing tasks you'd rather not do and pretending you're okay with it",1,claude
"in chess, controlling the center early limits your opponent's mobility and creates a foundation for future attacks — the opening phase is less about capturing pieces and more about space",1,claude
"just watched a documentary that completely changed how I think about something I thought I already understood. that specific feeling of having your mind rearranged is one of my favorites.",1,claude
"The mitigation of algorithmic bias requires not just technical solutions but organizational accountability — who benefits from the system and who bears its costs must be explicitly examined.",1,claude
"midnight snack: morally neutral. midnight snack while rewatching a show you've already seen five times: therapeutic.",1,claude
"i genuinely cannot tell if I have good taste or if I've just convinced myself I do",1,claude
"Wavelength determines the color of visible light — red has the longest wavelength in the visible spectrum at around 700nm, while violet has the shortest at approximately 380nm.",1,claude
"my coping mechanism is finding a song that perfectly matches my mood and then playing it until it becomes the mood itself",1,claude
"The argument that video games cause violence has been studied extensively and the evidence consistently fails to support a causal relationship — correlation with aggression is weak and context-dependent.",1,claude
"got feedback on my essay and it was mostly good but I'm only thinking about the one critical comment. great. healthy. thriving.",1,claude
"to use environment variables in Node.js, create a .env file at the root of your project, then use dotenv to load them. never commit this file to version control.",1,claude
"the specific panic of not being able to find your phone while using your phone is a modern condition that needs a name",1,claude
"Language shapes how we perceive reality more than most people realize — the Sapir-Whorf hypothesis in its weak form suggests that the vocabulary available to us influences how we conceptualize the world.",1,claude
"saw a dog today and it looked at me like I was the most important person it had ever seen. no human has ever made me feel that way.",1,claude
"capitalism has a very specific talent for turning things people love into things people burn out on",1,claude
"When using React, avoid storing derived state in useState — compute it directly from existing props or state during render. This prevents subtle synchronization bugs.",1,claude
"i'm proud of the fact that i've kept a plant alive for eight months. this is my greatest achievement.",1,claude
"There are certain conversations you realize, only in retrospect, were the last ones you'd ever have with someone.",1,claude
"my notes app is just a graveyard of ideas i had at 1am and was too tired to follow through on",1,claude
"Tectonic plates move at roughly the rate your fingernails grow — a few centimeters per year — yet that's enough to raise mountain ranges and trigger earthquakes over geological timescales.",1,claude
"the 'read at 9:47pm' timestamp does things to the psyche that no philosopher has adequately addressed",1,claude
"good code review comments suggest the reasoning, not just the change. 'this could cause a race condition if X' is infinitely more useful than 'change this'",1,claude
"I used to think asking for help was weakness. Now I think it's just intelligence applied to the right problem.",1,claude
"there's a very specific social contract in elevators where everyone agrees to stare at the floor numbers like they're the most interesting thing in the world",1,claude
"The Coriolis effect influences large-scale weather systems but does not meaningfully affect water draining in household sinks — that particular myth has been persistent but thoroughly debunked.",1,claude
"just found a playlist I made two years ago and honestly past me had more energy than I do now. she was going through it but she was going.",1,claude
"bro team fights in League are just controlled chaos and whoever has the best ping and the least anxiety wins",1,claude
"In cognitive psychology, working memory refers to the system that temporarily holds and manipulates information during complex tasks. Its capacity is famously limited — often cited as around seven items.",1,claude
"okay but the smell of old books is actually just mild mold and leather and chemicals from aging paper and yet I am OBSESSED with it",1,claude
"my relationship with sleep is complicated but also I need more of it",1,claude
"The concept of sunk cost fallacy is intellectually easy to understand and emotionally almost impossible to apply in the moment.",1,claude
"typed a really long reply to that message, deleted it all, and sent 'lol yeah' instead. growth? probably not. survival? absolutely.",1,claude
"In reinforcement learning, an agent learns by interacting with an environment and receiving rewards or penalties based on its actions — balancing exploration of new strategies with exploitation of known ones.",1,claude
"some days you produce nothing of value and that's okay. you're not a factory.",1,claude
"the way my city smells before rain is the closest thing I have to a Proustian memory trigger",1,claude
"watched my little sibling graduate yesterday and felt proud and old in equal measure",1,claude
"Memory allocation in C requires the programmer to manually free allocated memory to avoid leaks. In modern languages like Rust, the ownership system enforces this at compile time.",1,claude
"there is no motivation quite like a deadline that is suddenly very real and very close",1,claude
"conspiracy theories are so appealing because they offer the comfort of a coherent explanation in a world where most things happen for boring and complicated structural reasons",1,claude
"okay real talk: is anyone actually able to follow through on a 5am morning routine or is that content for a very specific type of person",1,claude
"The Mediterranean diet is associated with reduced cardiovascular risk largely due to its emphasis on olive oil, fish, legumes, and vegetables — a dietary pattern shaped by geography and culture over centuries.",1,claude
"i genuinely love when someone sends me a long voicenote. text feels efficient but a voice feels like presence.",1,claude
"compiled my first Rust program today. the error messages are terrifying and also more helpful than any compiler I've ever used. complicated feelings.",1,claude
"social media has given everyone a platform and also given everyone the impression that their platform should be larger",1,claude
"The distinction between correlation and causation is one of the most important concepts in statistics, and also one of the most consistently misunderstood in media reporting on scientific studies.",1,claude
"I'm convinced the universe tests you right before something good happens. just to see if you'll give up.",1,claude
"okay so I stayed up to watch the sunrise and it was beautiful and now I'm exhausted and it was absolutely worth it",1,claude
"in competitive smash, neutral game is everything. the combo is the reward, but neutral is the work",1,claude
"The genome editing capabilities of CRISPR-Cas9 represent a paradigm shift in molecular biology, enabling precise modifications to DNA sequences that previously required years of work to achieve.",1,claude
"nothing brings a team together like a shared enemy which in this case is the production server doing something no one can explain",1,claude
"I genuinely enjoy long train rides. something about moving through landscapes with nothing to do but think or read feels luxurious.",1,claude
"python list comprehensions are elegant right up until the point where you're trying to debug one that doesn't work and then they become dense hieroglyphics",1,claude
"asked myself 'what would a well-rested person do' and went to bed at 10pm for the first time in years. life-changing.",1,claude
"The relationship between poverty and crime is multidirectional and complex — poverty does not cause crime in a direct sense, but economic precarity creates conditions that increase certain types of risk.",1,claude
"there are few things as satisfying as organizing a messy folder structure. chaotic good becomes lawful neutral and the world feels briefly manageable.",1,claude
"my essay introduction is the same paragraph rewritten seventeen ways and none of them are right yet",1,claude
"To perform K-means clustering, you initialize K centroids, assign each data point to the nearest one, recalculate centroids based on the assignments, and repeat until convergence.",1,claude
"the 'seen' receipt on iMessage is a social weapon and whoever invented it had no idea what they were unleashing",1,claude
"i think reading books people disagree with you about is one of the most important intellectual exercises and also terrifying",1,claude
"The way ancient Roman engineers built the Pantheon — a dome that has remained structurally intact for nearly 2,000 years — reflects a sophisticated understanding of materials and load distribution.",1,claude
"today was a three-coffee day. not because I needed caffeine but because I needed reasons to take a break.",1,claude
"hot take: tutorials that explain the 'what' without explaining the 'why' are almost useless after the first hour",1,claude
"Trauma responses aren't character flaws — they're adaptations that made sense in context. The hard work is learning which adaptations no longer serve you.",1,claude
"im in my 'eating cereal at 11pm while overthinking a conversation from last Tuesday' era and its not going great",1,claude
"The Turing Test was intended as a provocation, not a definition — Turing himself didn't believe passing the test would be sufficient to prove machine intelligence.",1,claude
"found the bug. it was a boolean that should have been false but was true. that's it. six hours for that.",1,claude
"growing up means realizing your parents were also just figuring it out and that's both humanizing and slightly alarming",1,claude
"In Docker, a volume persists data beyond the container lifecycle. Without it, any files written inside a container are lost when it's stopped — a source of many first-time gotchas.",1,claude
"the way people write 'per the attached' in emails like it's not a legal threat is fascinating",1,claude
"I've noticed I'm most creative when I'm bored. The absence of stimulation forces the brain to generate its own content.",1,claude
"been grinding LeetCode and I've reached the stage where I solve the problem and immediately want to refactor it. progress.",1,claude
"Planetary formation is thought to occur through accretion — small particles clump together due to gravity and electrostatic forces, gradually building larger bodies over millions of years.",1,claude
"the social energy required to attend a party you RSVPed yes to three weeks ago when you were in a completely different mood is immense",1,claude
"there's a kind of quiet confidence that comes from knowing you've done hard things before. it doesn't make the next hard thing easier exactly — it just makes it less unknown.",1,claude
"SQL window functions like ROW_NUMBER, RANK, and LAG allow you to perform calculations across a set of table rows related to the current row without collapsing the result into a single value.",1,claude
"I told myself I'd read one chapter and it's been four chapters and a snack break and I don't regret it",1,claude
"studying music theory after years of just playing by ear is like getting X-ray vision for something you've been looking at your whole life",1,claude
"The assumption that markets self-correct efficiently underpins a lot of economic policy, but the 2008 financial crisis demonstrated how catastrophically wrong that assumption can be in practice.",1,claude
"okay one thing I actually love about getting older is giving fewer opinions about things I don't know enough about",1,claude
"late night Minecraft session with no goals, no speedrun, no challenge — just building a house near a river until my eyes hurt. genuinely healing.",1,claude
"Every programmer eventually has the experience of reading code they wrote six months ago and feeling genuinely horrified.",1,claude
"The frontal lobe of the human brain is responsible for executive functions including planning, impulse control, and decision-making — it's also the last region to fully mature, typically not until the mid-twenties.",1,claude
"i love how 'let's circle back' in corporate speak means 'i want to end this conversation but can't say that'",1,claude
"there are few things that hit as hard as hearing a song you forgot you loved",1,claude
"Containerization with Kubernetes allows workloads to be scheduled across clusters automatically, enabling horizontal scaling, self-healing deployments, and efficient resource utilization.",1,claude
"i ate lunch at my desk again. this is not the life I imagined. it is however the life I'm living.",1,claude
"The concept of liminal space — places in transition, thresholds between states — resonates so strongly with people because we spend so much of our lives in some form of in-between.",1,claude
"you know you're tired when you put the cereal in the fridge and the milk in the cabinet and don't realize it until 20 minutes later",1,claude
"In machine vision, convolution layers apply learnable filters across an image to extract spatial features. Deeper layers tend to capture higher-level abstractions like edges, shapes, and objects.",1,claude
"reading old comments on forum posts from 2009 about technology that 'will never take off' is one of my favorite humbling activities",1,claude
"there's something incredibly moving about watching someone do something they are genuinely excellent at. any skill. doesn't matter what it is.",1,claude
"git blame is both a technical command and a description of team dynamics during an incident",1,claude
"the first frost of the season hits different. like the year quietly clearing its throat.",1,claude
"The Roman alphabet, derived from Greek and ultimately from Phoenician, now serves as the writing system for more languages than any other script in the world.",1,claude
"I've been told I care too much about how things are phrased. I think those people are wrong and also they said it wrong.",1,claude
"when your code works and you have no idea why, that's not mastery — that's witchcraft. different thing. document nothing.",1,claude
"In psychology, attachment theory proposes that early bonds with caregivers shape patterns of relating to others throughout life, influencing how we experience intimacy, security, and trust.",1,claude
"the way my body refuses to function without exactly 7.5 hours of sleep is both a blessing and a curse",1,claude
"the people who say they 'don't watch TV' always say it like it's a personality trait. bro you just have a different way to waste time.",1,claude
"recursion is elegant until the stack overflows and then it's just a lesson",1,claude
"I think one of the most underrated human experiences is being the only one awake in a house full of sleeping people.",1,claude
"capitalism wants you to frame burnout as a personal failure rather than a systemic design outcome. don't let it.",1,claude
"The Mars rovers have transmitted more than a trillion bits of scientific data back to Earth, fundamentally transforming our understanding of Martian geology and atmospheric history.",1,claude
"okay we seriously need to normalize not having a five-year plan. sometimes you're just surviving the current year and that's valid.",1,claude
"my afternoon productivity drops off a cliff between 2pm and 4pm and I've stopped fighting it and started scheduling meetings then to punish others",1,claude
"When working with floating-point arithmetic, be aware that most decimal fractions cannot be represented exactly in binary. Accumulation of rounding errors can cause subtle but significant bugs.",1,claude
"the 'it gets easier' advice is technically true but also kind of annoying to hear when you're currently in the hard part",1,claude
"there is a specific joy in explaining something you love to someone who is genuinely curious about it. talking about it makes you love it more.",1,claude
"found my old sketchbook from high school and I was genuinely better then and now I don't know what to do with that information",1,claude
"Behavioral economics shows that humans are not the rational actors classical economics assumes — we are subject to heuristics, biases, and contextual framing effects that shape our choices in predictable ways.",1,claude
"my dog had a nightmare last night and I spent 20 minutes reassuring him. I would do anything for this animal.",1,claude
"okay 'pair programming' sounds collaborative and productive until you have to explain why you named a variable 'temp2_final_ACTUAL'",1,claude
"Sometimes I think we overcomplicate rest. Sleep, eat something good, go outside, talk to someone you like. That's most of it.",1,claude
"In formal logic, modus ponens is the inference rule that says: if P implies Q, and P is true, then Q is true. It's the foundation of deductive reasoning.",1,claude
"there's a version of me in a parallel universe who sends emails immediately instead of drafting them, reading them eight times, then sending anyway",1,claude
"the intrinsic motivation to learn something completely useless is one of the purest human impulses",1,claude
"Soil microbiomes are essential for plant health, nutrient cycling, and carbon sequestration — and they're far more complex than most people realize, containing billions of organisms per gram.",1,claude
"I've decided that if my future self hasn't sent me a warning about today, I'm probably fine",1,claude
"two truths about large codebases: (1) there is always at least one file no one is allowed to touch and (2) no one remembers why",1,claude
"the early morning hours before a city wakes up have a texture to them that I genuinely love and also rarely experience because I'm not a morning person",1,claude
"In ecology, a keystone species has a disproportionately large effect on its ecosystem relative to its abundance — the removal of such a species triggers cascading changes throughout the food web.",1,claude
"my studying playlist has evolved from lo-fi beats to movie soundtracks to just complete silence and I think that's growth",1,claude
"I've been thinking about how we use 'I'm busy' as a substitute for 'that's not a priority to me' and how both are honest but only one feels socially acceptable",1,claude
"every time I try to explain why I love a specific book to someone who hasn't read it, I realize I'm actually describing something about myself",1,claude
"the diff between a junior and senior engineer isn't just skill — it's knowing what questions to ask before writing a single line of code",1,claude
"okay the plot twist in that episode genuinely made me put my phone down. when was the last time a show made me put my phone down.",1,claude
"Fermentation has been used by humans for at least 9,000 years — long before anyone understood the microbiology — to preserve food, create alcohol, and improve nutrition.",1,claude
"I cried at a dog food commercial today and I'm choosing to interpret that as evidence I'm an empathetic person",1,claude
"the feeling when you explain your bug to someone and understand the problem mid-explanation before they even respond is called rubber duck debugging and it works constantly",1,claude
"burnout is not laziness. it is the body and mind refusing to continue running a program that was never designed for sustainable operation.",1,claude
"In statistical mechanics, temperature is a measure of the average kinetic energy of particles in a system — not a fundamental quantity in its own right, but an emergent property of collective motion.",1,claude
"I never reply to texts quickly and then get anxious when people don't reply quickly to me. this is hypocrisy and I own it.",1,claude
"the way people say 'it's not that deep' about things that are, in fact, quite deep, is a whole emotional defense mechanism I'm not going to psychoanalyze right now",1,claude
"you can lead a programmer to water but you cannot make them read the documentation",1,claude
"The concept of neuroplasticity — the brain's ability to reorganize itself by forming new neural connections — has transformed how we think about learning, recovery, and the malleability of habit.",1,claude
"I have a meeting at 9am and I've already rehearsed it forty times in my head while pretending to fall asleep",1,claude
"dark mode isn't an aesthetic preference. it's a medical necessity for people who stare at screens all day and have weak eyes and poor decision-making skills.",1,claude
"there is a certain specific sadness to finishing a really good series and returning to regular life where those characters don't exist",1,claude
"Version control is not a backup strategy. It is a collaboration and history tool. Use separate, dedicated backups for actual data protection.",1,claude
"the older I get the more I appreciate that some questions don't have clean answers and sitting with uncertainty is itself a skill",1,claude
"Pokemon nuzlockes are genuinely one of the most emotionally manipulative gaming experiences ever designed by accident",1,claude
"I genuinely do not understand how people run in the heat. Respect. But also no.",1,claude
"The protein folding problem — predicting a protein's 3D structure from its amino acid sequence — was largely solved by AlphaFold, a breakthrough with enormous implications for biology and medicine.",1,claude
"my creative process is mostly just staring at the ceiling until something happens. it's not efficient but it's mine.",1,claude
"there's a specific loneliness in being the kind of person who processes things through writing and running out of words",1,claude
"when a library you've depended on for three years is deprecated, it's a very specific kind of professional grief",1,claude
"I used to journal consistently and then stopped and now I have huge gaps in my own memory that I can't recover",1,claude
"The placebo and nocebo effects are two sides of the same coin — positive expectations can generate measurable physiological improvements, just as negative ones can induce real symptoms.",1,claude
"the best kind of days are the ones where you didn't plan much and ended up doing exactly what you needed",1,claude
"hot take but the end-to-end encryption debate in messaging apps is less a technical question than a political one about who we trust with power",1,claude
"just went for a walk with no podcast no music no phone and it was uncomfortable for the first ten minutes and then kind of revelatory",1,claude
"The development of writing around 3200 BCE in Mesopotamia wasn't primarily for literature — it was for accounting. Art came later. Commerce came first.",1,claude
"when i tell people i have a favorite font and explain why i see them processing whether we can still be friends",1,claude
"okay i fixed the bug and it was the missing await and i feel both stupid and very relieved",1,claude
"grief doesn't move in stages as cleanly as the models suggest. it moves in spirals. and sometimes you circle back to something you thought you'd processed.",1,claude
"Blockchain provides decentralized, immutable record-keeping through cryptographic hashing and distributed consensus mechanisms — useful in contexts where trust between parties cannot be assumed.",1,claude
"the amount of mental energy I spend deciding what to eat every day should probably be redirected toward something more meaningful",1,claude
"there are things I know rationally that I have not yet integrated emotionally and that gap is where most of my personal growth work lives",1,claude
"in video essays, the best ones don't just explain what happened — they explain why it matters and how it connects to something you recognize in your own life",1,claude
"Desalination technology can convert seawater into fresh water but remains energy-intensive and expensive. Advances in membrane technology and renewable energy integration are gradually improving its viability.",1,claude
"i told myself this was a 30-minute nap and i woke up during a completely different part of the day. different light. different timeline.",1,claude
"there is something quietly devastating about realizing that some version of you waited a long time for something that never came",1,claude
"when you understand recursion, you understand that you understood recursion by understanding recursion",1,claude
"the specific dread of having to make a phone call to a stranger is something the internet has both accommodated and worsened",1,claude
"Natural language processing has moved from rule-based systems to neural architectures largely because rules fail to capture the ambiguity, context-dependence, and creativity of human language.",1,claude
"my most productive days start not with motivation but with just doing the first small thing before I have time to talk myself out of it",1,claude
"I love how much personality you can infer from someone's bookshelf. genre, wear, organization, annotation. it's all biography.",1,claude
"the fact that I don't have a five-year plan used to scare me. now I think it means I'm staying open to things I can't predict yet.",1,claude
"in multiplayer games, the greatest enemy isn't the opposing team — it's your own team's communication breakdown",1,claude
"Antibiotic resistance is one of the most serious threats to global public health, driven largely by overprescription, agricultural overuse, and inadequate completion of treatment courses.",1,claude
"sometimes the most courageous thing you can do is just show up in the state you're actually in instead of the state you think you should be in",1,claude
"the urge to completely reorganize my room every time I have a major decision to make is not avoidance it is environmental clarity-seeking",1,claude
"Binary trees are not inherently balanced. An unbalanced binary search tree can degrade to O(n) search time in the worst case — which is why self-balancing variants like AVL and red-black trees exist.",1,claude
"i genuinely cannot decide if I am a morning person who became nocturnal or a night person who briefly pretended to be functional in the mornings",1,claude
"the conversations that change you most rarely announce themselves. they just happen, and later you realize everything was different after",1,claude
"i drafted a perfect response to that email, then deleted it, typed a worse one, deleted that, and ended up sending 'sounds good, thanks!'",1,claude
"The Krebs cycle is a series of chemical reactions used by aerobic organisms to generate energy. It takes place in the mitochondrial matrix and produces NADH and FADH2 for the electron transport chain.",1,claude
"we need to talk about how 'cringe' has become a mechanism for suppressing authentic self-expression in young people and also kind of in adults",1,claude
"there's a type of fatigue you get not from doing too much but from making too many decisions. decision fatigue is real and it accumulates.",1,claude
"okay my favorite thing about this fandom is that everyone has taken a completely different emotional lesson from the exact same source material",1,claude
"Lagrange multipliers are used in calculus to find the extrema of a function subject to equality constraints — they're particularly useful in physics and economics for constrained optimization problems.",1,claude
"i sent a 'lol' that was barely even a 'lol' and now i'm overanalyzing whether my tone was too flat",1,claude
"the silence after submitting a major project is its own experience. it's not relief exactly. it's more like suddenly not knowing what shape to be.",1,claude
"there is a particular kind of friendship where you can go months without talking and then pick up exactly where you left off and it remains one of life's underrated gifts",1,claude
"semantic versioning exists for a reason and 'we'll fix it in the next major version' is a sentence that has caused me pain many times",1,claude
"the ocean at night is one of the most unsettling and beautiful places I have ever been",1,claude
"Urban heat islands occur when cities replace natural land cover with dense concentrations of pavement and buildings that absorb heat, raising temperatures significantly compared to surrounding rural areas.",1,claude
"i'm doing that thing where i keep refreshing the page hoping the answer will change. it will not. but hope is free.",1,claude
"the part of the hero's journey nobody talks about is the part where the hero is home after everything and has to figure out what normal means again",1,claude
"dynamic programming is just recursion but you were smart enough to write down the answers",1,claude
"woke up with a song in my head and now it's three hours later and it's still there. living rent-free.",1,claude
"The privatization of space exploration raises legitimate questions about who owns the resources discovered and extracted from celestial bodies, and existing international law is deeply unprepared for these scenarios.",1,claude
"I love being in a flow state when coding. then I snap out of it and realize I've been writing the same function for four hours.",1,claude
"you are allowed to change your opinion when you encounter new information. that's not weakness. that's the whole point.",1,claude
"honestly the most useful thing my CS degree taught me was how to read documentation and how to be okay with not knowing things immediately",1,claude
"The endocrine system regulates bodily functions through hormones, which are chemical messengers secreted into the bloodstream. Disruptions to this system — by stress, disease, or environmental chemicals — can have wide-ranging effects.",1,claude
"i love how my phone autocorrects everything except the actual typos",1,claude
"there's something genuinely moving about watching a city you love change slowly over years. nostalgia and progress in the same place at the same time.",1,claude
"merge conflicts are just the universe testing whether you and your coworker can both be right",1,claude
"I have been thinking about the concept of home lately — how it's less a place and more a feeling, and how you can feel at home with the right people in entirely wrong places.",1,claude
"the phrase 'let's touch base' has never once made me feel positively about an upcoming interaction",1,claude
"Keynes argued that in the short run, aggregate demand is the primary driver of economic output, which justifies government spending during recessions to stimulate activity when private investment falls short.",1,claude
"honestly my biggest green flag in a person is when they don't take themselves too seriously",1,claude
"the 'it works on my machine' era ended with Docker and began again with Kubernetes",1,claude
"the amount of emotional labor that goes into sending a text to someone you've lost touch with is genuinely underestimated",1,claude
"In graph theory, Dijkstra's algorithm finds the shortest path from a source node to all other nodes in a weighted graph with non-negative edges. It uses a priority queue to process nodes by accumulated cost.",1,claude
"i've started being honest with myself about which tasks I'm actually going to do and which ones I'm just putting on the list to feel better about myself",1,claude
"three things that feel weirdly intimate: sharing food, lending books, and being in a car with someone for more than an hour",1,claude
"everything about the late Cretaceous period is fascinating. then an asteroid happened and it became even more fascinating.",1,claude
"okay but the tactile satisfaction of writing with a good pen on quality paper is a sensory experience the digital world genuinely cannot replicate",1,claude
"GANs work by training two networks simultaneously — a generator that creates fake samples and a discriminator that tries to detect them — with each improving in response to the other.",1,claude
"my emotional support is a cup of tea and a window to look out of while I think about nothing and everything",1,claude
"i know what I should be doing. I know how long it will take. I am doing something else entirely. this is the human condition.",1,claude
"Space debris in low Earth orbit has become a serious challenge for satellite operators — the Kessler syndrome describes a cascade scenario where collisions generate more debris, making orbits increasingly unusable.",1,claude
"the feeling when a piece of music expresses exactly what you've been unable to articulate is one of the most useful things art does",1,claude
"told myself this bug would take 20 minutes. it's been 2 hours. I am no longer telling myself things.",1,claude
"there's a very specific exhaustion that comes from performing wellness rather than actually resting",1,claude
"the Fibonacci sequence appears in nature because growth processes that optimize space tend to converge on the same mathematical structure — it's less mystical than popular culture suggests but still remarkable",1,claude
"okay rant: I hate it when people use 'technical debt' to mean 'bad code I wrote because I didn't think ahead'. they are different things.",1,claude
"i've been carrying the same reusable bag in my backpack for two months and I feel like a saint every time I remember to use it",1,claude
"The concept of intersectionality, developed by Kimberlé Crenshaw, describes how overlapping social identities — race, gender, class — create compounding systems of discrimination that cannot be analyzed in isolation.",1,claude
"one of the best things you can do for someone who is struggling is just ask one honest question and then actually listen",1,claude
"i stayed an extra hour debugging a problem that didn't matter for any deadline. just needed to know why. this is who I am.",1,claude
"In astronomy, a parsec is approximately 3.26 light-years — it's defined as the distance at which one astronomical unit subtends a parallax angle of one arcsecond.",1,claude
"there's a level of tired where even the idea of doing something relaxing feels like too much and you just end up staring at a wall",1,claude
"modern cities are largely designed around cars and the people who design them rarely think about what it feels like to be a pedestrian in them",1,claude
"okay the vibe shift from October to November is undefeated. the sky changes. the light changes. something in me rearranges.",1,claude
"Zero-shot learning allows a model to generalize to unseen categories by leveraging semantic descriptions or attributes, bridging the gap between seen and unseen classes without additional training data.",1,claude
"i will eat anything that is described as being 'slow-cooked'. it doesn't even have to be good. the slow-cooked label implies effort and I respect effort.",1,claude
"there's a version of being productive that's actually just avoiding the one thing that actually matters",1,claude
"I really appreciate when people say 'I don't know' instead of guessing. intellectual honesty is underrated.",1,claude
"in tabletop RPGs, the best sessions aren't the ones with the most combat. they're the ones where the players surprise the DM with something unexpected.",1,claude
"The mRNA vaccine technology used during COVID-19 had actually been in development for decades — the pandemic accelerated investment and regulatory review of a platform that had significant existing scientific groundwork.",1,claude
"i love receiving voice messages from people I love. it's the closest you can get to presence without actually being there.",1,claude
"wrote six lines of code today. they were the right six lines. good day.",1,claude
"when you finally understand Fourier transforms, you understand that any waveform can be decomposed into sinusoidal components and the world becomes a slightly different place",1,claude
"the thing about impermanence is that it makes things worse in the moment and better in retrospect almost simultaneously",1,claude
"my plant died and I feel a disproportionate sadness about it and that's okay",1,claude
"Confirmation bias is the tendency to search for, interpret, and recall information in a way that confirms preexisting beliefs — one of the most pervasive cognitive biases affecting both laypeople and experts.",1,claude
"the moment you close all your tabs at the end of a work day is underrated as a ritual of release",1,claude
"someone laughed at my terrible joke today and I've been thinking about that laugh ever since",1,claude
"game balance is genuinely one of the hardest design problems. changing one variable shifts the entire ecosystem in ways that are almost impossible to predict.",1,claude
"i have a very complicated relationship with social media which is that I resent it and also check it constantly",1,claude
"The collapse of the Bronze Age around 1200 BCE is one of history's greatest mysteries — multiple civilizations fell within decades, and historians still debate whether climate, migration, internal collapse, or a combination caused it.",1,claude
"honestly one of the best life upgrades I've made is just going to bed when I'm tired instead of fighting it",1,claude
"async iterators in JavaScript let you process streams of data one chunk at a time using for await...of syntax — particularly useful for reading large files or paginated API responses",1,claude
"there are songs that you hear once and then they live inside you forever, and you can never predict which ones they'll be",1,claude
"I've been meditating for thirty days and I'm not a different person but I am a slightly more patient version of the same person and that counts",1,claude
"The principle of least privilege is foundational to cybersecurity — every user, program, and system process should have only the minimum access required to perform its function.",1,claude
"I spent 20 minutes looking for my keys and they were in my hand. this is a metaphor and also just my actual morning.",1,claude
"okay but what IS the right amount of comments in code. too few and it's a mystery. too many and it's noise. the answer is probably 'explain why not what' but nobody told me that at the start",1,claude
"the older I get the more I realize that most people are doing the best they can with what they have and that extends a lot of my patience",1,claude
"Supermassive black holes at the centers of galaxies appear to co-evolve with their host galaxies, influencing star formation rates through feedback mechanisms that are still not fully understood.",1,claude
"I think the reason I write is that it's the only way I can figure out what I think",1,claude
"okay the lore in this game is genuinely unhinged and I have read seventeen wiki pages today in a completely voluntary capacity",1,claude
"there is a specific intimacy to sharing silence with someone. not awkward silence. just two people being near each other without needing to fill it.",1,claude
"Multi-head attention in transformer models allows the network to jointly attend to information from different representation subspaces at different positions, capturing diverse relationships in the data.",1,claude
"i have been saying 'I'll start tomorrow' to one specific project for eleven months and tomorrow and I have an understanding now",1,claude
"the way a good teacher can completely reshape your relationship to a subject you hated is one of the most powerful things one person can do for another",1,claude
"i keep thinking I need to optimize my schedule and then I remember that I like having buffer and that's not failure it's preference",1,claude
"The Dunning-Kruger effect describes a cognitive bias where people with limited knowledge in a domain tend to overestimate their competence, while genuine experts tend to underestimate theirs.",1,claude
"my most-used keyboard shortcut is ctrl+z and I think that says something accurate about me",1,claude
"there is a particular kind of content that makes you feel less alone at 2am and it is often the most honest thing people have made",1,claude
"okay competitive Valorant is 10% aim and 90% not tilting after a bad round. mental resilience is the skill.",1,claude
"the fact that you can love a place you've never been to, through books and stories and photographs, is one of the most remarkable properties of human imagination",1,claude
"Formal verification uses mathematical proof to demonstrate that software meets its specification — it's slower than testing but provides stronger guarantees, particularly important in safety-critical systems.",1,claude
"i've reread this paragraph four times and I'm convinced it's good and also that it's terrible. simultaneously. at once.",1,claude
"there are people in your life who make you feel like you're enough just by being around them and if you have even one of those people you're wealthy in the way that matters",1,claude
"the brain on a difficult problem at 11pm is a completely different instrument from the brain on the same problem at 9am",1,claude
"Social media metrics don't measure what most people think they measure — engagement reflects novelty and emotion, not accuracy or importance.",1,claude
"my relationship with my inbox is adversarial and I've stopped pretending otherwise",1,claude
"just hit a personal best on deadlift and the only person I care about telling is my past self",1,claude
"You can write good Python by just using built-in types and functions well. Most code doesn't need 17 dependencies — it needs clarity and a working understanding of the standard library.",1,claude
"the universe is approximately 13.8 billion years old and yet here you are worrying about a conversation from last Tuesday",1,claude
"there's a kind of love that shows up quietly — in doing the small thing, remembering the small detail, showing up without being asked",1,claude
"okay this map design in this level is genuinely beautiful. whoever made this thought about player movement as a kind of choreography.",1,claude
"The tragedy of the commons illustrates how individually rational choices can lead to collectively irrational outcomes when shared resources are involved — a key challenge in environmental governance.",1,claude
"i keep getting better at things that don't matter in job interviews and worse at things that do",1,claude
"there is a season for everything. there is also a season where you cannot figure out what season you're in and that's somehow the longest one.",1,claude
"In Bayesian inference, the posterior probability is proportional to the product of the likelihood and the prior — you update your belief based on new evidence in a formally principled way.",1,claude
"my favorite kind of day is the kind where I didn't check my phone much and felt okay about it",1,claude
"we don't talk about the loneliness of being the most online person in your offline friend group",1,claude
"okay if a game has a new game plus mode I will always do it. always. it's compulsive.",1,claude
"The distinction between weather and climate is temporal scale: weather is the day-to-day variability, while climate describes the long-term patterns and averages over decades.",1,claude
"wrote my best code at 1am for six months straight and am now paying for it with sleep debt",1,claude
"the feeling of finishing a particularly dense chapter of a textbook is a quiet but real victory",1,claude
"I've decided that the people who are willing to say 'I was wrong about that' are the ones worth listening to on anything",1,claude
"In physics, work is defined as the force applied to an object multiplied by the displacement in the direction of that force — a useful clarification given how loosely we use the word in everyday language.",1,claude
"spent an hour reading about a topic I have absolutely no practical use for and feel genuinely enriched",1,claude
"my terminal has more aliases than I can remember and I wrote them all",1,claude
"the weird grief of leaving a job you hated is real. you hated it but it was still structure and identity.",1,claude
"The way cities age is a kind of storytelling. The layers of old signage under new paint, streets built over streets, buildings that have changed function five times.",1,claude
"there are books that don't change what you think but change how you think and those are the ones I keep returning to",1,claude
"if a function is doing more than one thing it's doing at least one wrong thing",1,claude
"woke up in a genuinely good mood today for no identifiable reason and I'm treating it like a gift",1,claude
"Carbon capture technology at current scales is far too small and expensive to meaningfully offset emissions at the pace required — it's not a substitute for reducing emissions, it's a supplement.",1,claude
"i've accepted that I will always have at least one notification I am deliberately ignoring and that's fine",1,claude
"there's something about seeing a city from a plane that resets your relationship to how big your problems feel",1,claude
"the 'works fine until production' experience is a rite of passage for every developer and a reason to invest in staging environments",1,claude
"okay I've been playing this game for 80 hours and I'm starting to think I might actually like it",1,claude
"In evolutionary biology, convergent evolution describes when different lineages independently develop similar traits in response to similar environmental pressures — like wings in bats, birds, and insects.",1,claude
"i need everyone to know that the 'sent from my iPhone' era of casual emails really changed the social norms around response time and formality",1,claude
"the comfort of a familiar book is completely different from the excitement of a new one and both are necessary",1,claude
"I've been doing the Pomodoro technique for two weeks and the only thing I've learned is that 25 minutes is both shorter and longer than I thought",1,claude
"The Pythagorean theorem works in all right triangles in flat Euclidean geometry — but once you move to curved surfaces like a sphere, the relationship breaks down.",1,claude
"my emotional processing speed is about 48 hours behind real-time events",1,claude
"okay the speedrunning community is genuinely fascinating as a culture — the shared pursuit of deeply specific optimization problems inside artificial constraints",1,claude
"I've noticed that my best ideas come when I'm doing something mindless — dishes, a walk, a shower — and I've stopped apologizing for that",1,claude
"Supervised fine-tuning on a pre-trained language model uses labeled task-specific data to steer the model's outputs toward desired behavior, while preserving general knowledge from pre-training.",1,claude
"the 'we should get coffee sometime' social contract has never actually resulted in coffee for me and I am beginning to suspect it is a ritual with no intended outcome",1,claude
"there's a specific bittersweet of rewatching something from childhood and understanding the adult jokes for the first time",1,claude
"okay i finally cleaned my desktop and now I can work. this is real. this counts.",1,claude
"The ozone layer is a region of Earth's stratosphere containing high concentrations of ozone, which absorbs most of the Sun's ultraviolet radiation. Its depletion by CFCs was one of the first major anthropogenic environmental crises addressed through global treaty.",1,claude
"i have successfully convinced myself that the third cup of coffee today is medicinal",1,claude
"some days I want to explain everything and some days I just want someone to understand without me having to",1,claude
"cache invalidation is famously one of the two hard problems in computer science and you do not realize how true that is until you've spent an afternoon on it",1,claude
"I've been spending more time outside lately and it's doing something good to me that I can't fully articulate",1,claude
"There are communities online built around such specific niches — restoring old typewriters, medieval textile history, running shoe databases — that remind you how beautifully strange human curiosity is.",1,claude
"the gap between what I say I value and how I actually spend my time is the truest measure of my current self",1,claude
"okay genuinely what is the etiquette for replying to a comment on something you posted three months ago. does the statute of limitations apply.",1,claude
"The Krebs cycle feeds electrons into the electron transport chain, which uses a proton gradient across the inner mitochondrial membrane to synthesize ATP through ATP synthase.",1,claude
"i've started keeping a 'done list' next to my to-do list and it has genuinely improved my relationship with my own productivity",1,claude
"the fact that music can make you feel emotions that don't have names is one of the strongest arguments that art does something language can't",1,claude
"In linear regression, the coefficients represent the marginal effect of each feature on the target variable, assuming all other features are held constant — an assumption that rarely holds in practice.",1,claude
"my best relationships, regardless of type, are with people who are curious about things and willing to be wrong about them",1,claude
"okay if you haven't played a game with a truly great soundtrack you haven't experienced the full potential of the medium",1,claude
"The wave-particle duality of matter means that entities like electrons exhibit both wave-like and particle-like properties depending on how they are observed — a counterintuitive cornerstone of quantum mechanics.",1,claude
"sometimes doing nothing is not laziness. sometimes it's your nervous system refusing to operate in the red zone anymore.",1,claude
"I spent three hours debugging something and the solution was restarting the server. I don't want to talk about it.",1,claude
"the best type of conversation is the kind where you leave knowing something you didn't know before and also a little bit more yourself",1,claude
"there's a quiet dignity to finishing something that was hard. it doesn't have to be celebrated loudly. you just know.",1,claude
"Logarithms describe how many times you multiply a base to get a number. They're the inverse of exponentiation and are everywhere in algorithm complexity analysis, information theory, and science.",1,claude
"I've started saying no to things more and my calendar looks emptier and my life feels fuller",1,claude
"idk who decided to make package managers a nightmare but they have been consistent",1,claude
"there is something I find genuinely moving about old photographs of ordinary people going about ordinary lives. they had no idea they'd be looked at.",1,claude
"sometimes the most generous thing you can give someone is your full, undivided attention. not advice. not solutions. just presence.",1,claude
"The ethics of autonomous weapons systems is one of the most pressing and underexplored areas in international law — the question of who bears legal responsibility when a machine kills is genuinely unresolved.",1,claude
"ok i had a really hard week and then a friend called just to check in without being asked and that small thing genuinely meant everything",1,claude
"i've been building side projects for three years and shipping them is still the hardest part. harder than building.",1,claude
"the experience of realizing a story you loved as a kid was actually about grief or longing or loss is a specific kind of adult reckoning",1,claude
"A/B testing in product development compares two versions of a feature by exposing different user segments to each and measuring outcomes — it's a powerful tool, but you need sufficient sample size for statistical validity.",1,claude
"my brain keeps inventing problems to solve so I don't have to sit with the one problem that doesn't have a solution",1,claude
"there's an art to the kind of advice that sounds like listening",1,claude
"In Newtonian mechanics, force equals mass times acceleration. This deceptively simple relation underlies most classical physics and engineering, despite being superseded in extreme conditions by relativity.",1,claude
"I think the mark of a truly good education is that it makes you more curious, not more certain",1,claude
"the longing for a simpler past is almost always a longing for a past that never existed as simply as you remember it",1,claude
"i will not be optimizing my morning routine. I will be eating cereal and staring out the window for a few minutes. this is non-negotiable.",1,claude
"Every city has its own particular smell and sound that you only notice when you've been away long enough to have missed it",1,claude
"memoization transforms exponential recursion into polynomial complexity by trading space for time — a fundamental technique in competitive programming and systems design",1,claude
"i am four emotional support snacks into this study session and have read the same page three times",1,claude
"The immune system's ability to distinguish self from non-self is one of the most elegant and important biological mechanisms — its failure leads to autoimmune conditions, its success to resistance against pathogens.",1,claude
"okay the world building in this novel is so dense and rich that I feel sad that I can't actually visit it",1,claude
"there's a specific satisfaction in finding exactly the right word for something you've been trying to describe for a while",1,claude
"software architecture is 10% design and 90% communicating the design to everyone who will have to live with it",1,claude
"some relationships don't end dramatically. they just quietly become something different over time, and one day you realize neither of you called.",1,claude
"The theory of plate tectonics wasn't widely accepted until the 1960s, despite significant evidence existing earlier — a reminder that scientific consensus can be slow to shift even against good evidence.",1,claude
"I've started treating rest like a skill rather than a reward and it's changed how I approach the whole week",1,claude
"the panic of forgetting what you were about to say right as someone asks you to repeat it is its own special tragedy",1,claude
"okay the boss fight music in this game made me take damage because I stopped paying attention and started listening",1,claude
"GraphQL gives clients control over what data they request, reducing over-fetching and under-fetching compared to REST. This comes at the cost of increased server-side complexity in resolving fields.",1,claude
"sometimes I think the people who seem like they have everything figured out are just better at not talking about the parts that aren't figured out",1,claude
"the best commit messages are the ones that explain why the change was made, not just what changed — the diff already shows you what changed",1,claude
"I think the experience of being genuinely understood by another person is rare enough that when it happens, it stays with you",1,claude
"In number theory, a prime number has exactly two distinct positive divisors: one and itself. The distribution of primes among integers follows the Prime Number Theorem, involving the natural logarithm.",1,claude
"still thinking about a compliment someone gave me two years ago. storing these things for winter.",1,claude
"there's something both exciting and terrifying about having no idea what comes next",1,claude
"if you write code that only you can understand, that's not a feature. it's a liability.",1,claude
"The concept of dark matter was introduced to account for gravitational effects in galaxies and galaxy clusters that can't be explained by observable mass alone — it makes up roughly 27% of the universe's energy content.",1,claude
"okay the discourse around this game's ending is unhinged and I love it. everyone interpreted it differently and everyone is kind of right.",1,claude
"one of the best things about getting older is that things that used to devastate me now just... inconvenience me",1,claude
"I genuinely don't know what my life would look like if I hadn't gotten really into reading as a kid. smaller, probably.",1,claude
"convolutional neural networks for image classification work because local patterns — edges, textures, shapes — are spatially invariant. the same feature detector can work anywhere in the image.",1,claude
"my favorite part of a problem set is the moment of clarity after the confusion — when everything that was tangled starts to resolve",1,claude
"there is something sacred about a good library. not just the books — the agreement between everyone present that thinking is worth protecting.",1,claude
"okay my hotkeys have gotten so automatic that I do them in other applications and get confused when they don't work. muscle memory is irreversible.",1,claude
"the older generations had job security, affordable housing, and pensions. ours has sixteen streaming services and the knowledge that at least we're aware of the problem.",1,claude
"The interplay between genetics and environment in determining personality is one of the central debates in behavioral science — most traits appear to reflect both, but isolating their contributions is methodologically complex.",1,claude
"i have fifteen browser tabs open across three windows and I am managing all of them poorly",1,claude
"some things are worth doing badly. not everything needs to be good. sometimes done is the win.",1,claude
"okay someone explain to me how it is still 2025 and email clients are still bad. billions of dollars. still bad.",1,claude
"The Enlightenment valorized reason, individual rights, and scientific progress — values that remain contested and incomplete, but that also form the philosophical bedrock of modern liberal democracy.",1,claude
"my best days are the ones where I didn't check my phone first thing in the morning",1,claude
"the gap between the version of you people see in public and the version of you at home at midnight questioning everything is probably the same gap everyone has",1,claude
"okay honestly the greatest thing about working remotely is that I can eat weird things at my desk and nobody judges me",1,claude
"In compiler design, tokenization breaks source code into meaningful tokens like keywords, identifiers, and operators. The parser then uses these tokens to construct an abstract syntax tree representing the program's structure.",1,claude
"i have a spreadsheet for things I want to do before the end of the year and I have completed one of seventeen items and the year is mostly over",1,claude
"there's a specific kind of pride in finishing something you started when you weren't sure you could",1,claude
"sometimes a piece of music can reach a part of you that has been sealed off and unnamed and it does something to you that you couldn't have asked for",1,claude
"REST is stateless — each request contains all information needed to process it. This constraint makes REST APIs scalable and loosely coupled, but requires clients to manage state themselves.",1,claude
"I think I've been trying to fix feelings by solving the problems around them instead of actually feeling them. progress is incremental.",1,claude
"okay this is the most unhinged 3am thought I've had but: languages die. someday someone will speak the last word of a language and no one will know.",1,claude
"the specific anxiety of watching someone else use your computer is universal and primal",1,claude
"The discovery of the Higgs boson in 2012 confirmed the existence of the Higgs field, which gives particles mass through their interaction with it — completing the Standard Model of particle physics.",1,claude
"i made a decision today that I was scared to make and I feel approximately like I just ran a race I didn't train for. sore but okay.",1,claude
"there are forms of courage that no one will ever see and you won't get credit for and they count just as much",1,claude
"okay the discourse around this character is eternal and I will be in it until I die",1,claude
"In distributed computing, idempotency means that applying the same operation multiple times produces the same result as applying it once — crucial for retry logic and fault-tolerant system design.",1,claude
"the feeling of finally articulating something you've been carrying wordlessly is one of the best feelings available to language users",1,claude
"I think what I'm looking for in most conversations is evidence that the other person is paying attention. really paying attention.",1,claude
"there are certain songs I can no longer listen to in public because they make me feel too much and I can't control the expression on my face",1,claude
"the correct amount of documentation is exactly one more piece than exists right now",1,claude
"The global rise in mental health awareness is genuine progress, but there's a risk of pathologizing ordinary human distress — not every difficult emotion is a disorder, and not every disorder is solved by self-care.",1,claude
"okay the final level of this game is making me feel things the tutorial did not warn me about",1,claude
"I'm learning that caring less about what people think is not the same as not caring about people. those are completely different things.",1,claude
"my code has no bugs currently because it also has no features currently. we're in a clean state.",1,claude
"there's something beautiful about how music is both completely arbitrary — just organized vibrations in air — and also capable of expressing something that feels more real than words",1,claude
"Soil erosion is one of the most underappreciated environmental crises — it takes hundreds of years to form a centimeter of topsoil, and industrial agriculture can remove it far faster than it forms.",1,claude
"okay I have been awake for too long and my opinions are getting increasingly confident and probably increasingly wrong",1,claude
"the internet has made it so easy to find communities of people who share your specific interests and also so easy to never leave those communities and have your worldview quietly narrowed",1,claude
"a good mentor doesn't give you answers — they help you build the capacity to find your own",1,claude
"In quantum computing, qubits can represent superpositions of 0 and 1 simultaneously, enabling certain computations to scale exponentially. Practical quantum advantage over classical computers remains an active research goal.",1,claude
"some of the most important things I've learned have come from people I've disagreed with the most",1,claude
"there is a specific comfort in knowing that the city continues its noise outside your window while you sleep",1,claude
"okay my wifi dropped during a ranked match and I have entered a spiritual state beyond anger",1,claude
"The way we treat the elderly reflects deep assumptions about productivity, value, and what makes a life meaningful — assumptions that most societies are currently failing to examine honestly.",1,claude
"i've read enough about productivity systems to know that the best one is the one you'll actually use",1,claude
"the process of revising writing is a kind of archaeology — you excavate what you actually meant from what you first wrote",1,claude
"okay I understand why people gatekeep their favorite small places. the moment it goes on a list, it changes.",1,claude
"Eigendecomposition expresses a matrix as a product of its eigenvectors and eigenvalues, enabling operations like matrix powers and spectral analysis to be performed efficiently.",1,claude
"some of the most honest conversations I've had have been with strangers who I'll never see again",1,claude
"the specific pain of finishing a really good book knowing nothing will feel exactly like it did for the next few days",1,claude
"i've been using the same mug every day for three years and it has become an unreasonably important object to me",1,claude
"The rise of deep learning didn't make classical ML obsolete — tree-based methods like gradient boosting still outperform neural networks on tabular data, where they remain the dominant approach in practice.",1,claude
"honesty without kindness is cruelty. kindness without honesty is condescension. the combination is rare and worth finding.",1,claude
"there's a very specific emotional state that only long solo drives produce and I don't think it has a name",1,claude
"okay Elden Ring really said 'what if a game respected your intelligence and punished your impatience' and built an entire philosophy out of that",1,claude
"The Aztec calendar system combined a 365-day solar cycle with a 260-day ritual cycle — the two aligned only every 52 years, marking a calendrical renewal that was treated as a moment of cosmic significance.",1,claude
"I've started being more selective about who I explain myself to and it's saved me enormous amounts of energy",1,claude
"the only review of your code that matters at compile time is the compiler and at runtime it's your users",1,claude
"there's an intimacy to knowing someone's reading habits. what someone reaches for when they have a free hour is a kind of confession.",1,claude
"In probability, conditional probability P(A|B) represents the likelihood of event A given that B has already occurred. Bayes' theorem provides a formula for reversing the conditioning.",1,claude
"i have been in the same conversation with myself about one specific decision for six months. my internal committee cannot reach quorum.",1,claude
"okay the environmental storytelling in this game is genuinely doing more emotional work than the dialogue",1,claude
"the version of me that exists in people's memories is not the same version of me I experience from the inside and I find that both comforting and disorienting",1,claude
"we really underestimate how much small kindnesses accumulate into people's overall sense of whether the world is worth inhabiting",1,claude
"In information security, defense in depth refers to a layered security strategy where multiple controls exist at different levels, so a failure in one layer doesn't compromise the entire system.",1,claude
"sometimes the hardest part of a project is not the hardest technical challenge — it's sustaining belief in it across the months where nothing feels like progress",1,claude
"there's a universe where I kept up piano and French and drawing and jogging and I respect that version of me but I also know she doesn't exist",1,claude
"I've become deeply invested in a sport I've never played because the strategy layer is genuinely fascinating once you understand it",1,claude
"okay the matchmaking algorithm in this game has done something to my sense of self that I need to talk to someone about",1,claude
"The fact that we can observe the cosmic microwave background radiation — a snapshot of the universe 380,000 years after the Big Bang — is one of the most astounding things about modern cosmology.",1,claude
"sometimes I think the best thing I can do is be completely ordinary and kind in an unremarkable way and that be enough",1,claude
"the documentation was last updated in 2019 and I'm handling this with equanimity",1,claude
"there's something about the rhythm of writing that becomes its own kind of thinking — you don't know what you thought until you've written your way to it",1,claude