text,label,source
drop tilted?,1,gemini
this professor is mid tbh,1,gemini
"Based on the data, this meta shows a significant trend.",1,gemini
"Moving forward, let's prioritize meeting.",1,gemini
l + ratio + weird,1,gemini
Thank you for reaching out. I will review the database soon.,1,gemini
"As per my previous email regarding my mental health, we need to align.",1,gemini
crying over the final boss again 💯,1,gemini
ELI5: Why does that movie delete?,1,gemini
"touching grass rn, highly recommend.",1,gemini
he's one shot push him,1,gemini
"first time playing this class, any tips on mechanic?",1,gemini
I've been feeling so busted lately...,1,gemini
can't believe that movie actually fixed that lmaoo,1,gemini
woke up craving ramen so here we are 🥞,1,gemini
l + ratio + broken,1,gemini
The meeting deployment was successful.,1,gemini
crying over this code again 💀,1,gemini
ggs well played everyone,1,gemini
I'm looping in the team to discuss the group chat.,1,gemini
The aesthetic value of the main character is often misunderstood.,1,gemini
lagging so hard my keyboard is burning,1,gemini
This is the way.,1,gemini
this lobby is trash bro,1,gemini
NTA. this meta sounds incredibly broken.,1,gemini
Please ensure the report is ready by Monday morning.,1,gemini
A comprehensive analysis of this professor reveals systemic issues.,1,gemini
"As I reflect on this semester, the economy has been weird.",1,gemini
can someone explain the presentation meta right now?,1,gemini
fr fr no cap,1,gemini
NTA. OP sounds incredibly broken.,1,gemini
"Moving forward, let's prioritize squad.",1,gemini
woke up craving pancakes so here we are 🤡,1,gemini
Thank you for reaching out. I will review the squad soon.,1,gemini
Can someone explain why the main character is so busted?,1,gemini
the final boss is mid tbh,1,gemini
"Honestly, my boss is a massive red flag.",1,gemini
Unpopular opinion: the final boss is fire.,1,gemini
The aesthetic value of this code is often misunderstood.,1,gemini
Upvoted because pizza.,1,gemini
this code is mid tbh,1,gemini
"first time playing this class, any tips on homework?",1,gemini
"Honestly, this code is a massive red flag.",1,gemini
I (25M) am having issues with the final boss.,1,gemini
Upvoted because algorithm.,1,gemini
A comprehensive analysis of the group chat reveals systemic issues.,1,gemini
ELI5: Why does this code watch?,1,gemini
I'm looping in the team to discuss this code.,1,gemini
I think I'm in love with the server.,1,gemini
this lobby is beautiful bro,1,gemini
Upvoted because keyboard.,1,gemini
YALL my wifi IS toxic 💯,1,gemini
My thesis explores the intersection of that movie and homework.,1,gemini
my heart is so full after seeing this professor.,1,gemini
The main cause of the revolution was that movie.,1,gemini
idek what to say about the server anymore 💀,1,gemini
"Based on the data, capitalism shows a significant trend.",1,gemini
My thesis explores the intersection of this assignment and wifi.,1,gemini
It's okay to feel busted sometimes.,1,gemini
r/woooosh,1,gemini
Thank you for reaching out. I will review the report soon.,1,gemini
Edit: thanks for the gold kind stranger!,1,gemini
It's okay to feel sus sometimes.,1,gemini
yall my boss is weird 👀,1,gemini
this lobby is goated bro,1,gemini
ELI5: Why does climate change hate?,1,gemini
"If I fail my mental health, I'm dropping out 💀",1,gemini
"Moving forward, let's prioritize presentation.",1,gemini
NTA. this meta sounds incredibly flawless.,1,gemini
woke up craving pasta so here we are,1,gemini
Sending good vibes to anyone struggling with the new update 😭,1,gemini
"Honestly, this professor is a massive red flag.",1,gemini
nerf spreadsheet plz,1,gemini
"Mods, please delete this.",1,gemini
Sending good vibes to anyone struggling with climate change 👀,1,gemini
Please ensure the presentation is ready by Monday morning.,1,gemini
"first time playing this class, any tips on controller?",1,gemini
my aim is goated today 🔥,1,gemini
honestly buy lobby rn 🤡,1,gemini
honestly buy coffee rn 🔥,1,gemini
my heart is so full after seeing the server.,1,gemini
Upvoted because coffee.,1,gemini
A comprehensive analysis of OP reveals systemic issues.,1,gemini
so valid bestie 😭,1,gemini
Just needed a mental health day to deal with climate change.,1,gemini
idek what to say about op anymore 🙏,1,gemini
"Moving forward, let's prioritize algorithm.",1,gemini
A comprehensive analysis of my cat reveals systemic issues.,1,gemini
idek what to say about my cat anymore ✨,1,gemini
bruh the new update is so stressful 😂,1,gemini
can someone explain the essay meta right now?,1,gemini
I think I'm in love with the UI.,1,gemini
Understanding the difference between wifi and wifi is essential.,1,gemini
Just needed a mental health day to deal with this professor.,1,gemini
I have 3 assignments on essay due tmrw rip me,1,gemini
I have 3 assignments on presentation due tmrw rip me,1,gemini
I think I'm in love with this meta.,1,gemini
The aesthetic value of my roommate is often misunderstood.,1,gemini
Understanding the difference between keyboard and keyboard is essential.,1,gemini
It's okay to feel stressful sometimes.,1,gemini
studying climate change is making me go overpowered,1,gemini
my heart is so full after seeing my roommate.,1,gemini
I'm so incredibly proud of how far I've come this year 🙏,1,gemini
It's okay to feel flawless sometimes.,1,gemini
"Based on the data, my roommate shows a significant trend.",1,gemini
The aesthetic value of capitalism is often misunderstood.,1,gemini
The aesthetic value of the UI is often misunderstood.,1,gemini
TIL that my roommate is actually goated.,1,gemini
so valid bestie 🚀,1,gemini
does anyone else destroy database or is it just me?,1,gemini
NTA. the UI sounds incredibly hilarious.,1,gemini
Can we push the project to 3 PM? I have a conflict.,1,gemini
im beautiful but i have to understand my project tmrw rip,1,gemini
woke up craving ramen so here we are 🚀,1,gemini
"As per my previous email regarding the economy, we need to align.",1,gemini
I'm so incredibly proud of how far I've come this year 👀,1,gemini
l + ratio + goated,1,gemini
this lobby is overpowered bro,1,gemini
The main cause of the revolution was OP.,1,gemini
this lobby is busted bro,1,gemini
It's okay to feel underwhelming sometimes.,1,gemini
A comprehensive analysis of this meta reveals systemic issues.,1,gemini
I think I'm in love with capitalism.,1,gemini
nerf report plz,1,gemini
"As per my previous email regarding this code, we need to align.",1,gemini
does anyone else watch meeting or is it just me?,1,gemini
Sometimes I feel like my cat is just too much.,1,gemini
I have 3 assignments on wifi due tmrw rip me,1,gemini
ELI5: Why does this assignment analyze?,1,gemini
so valid bestie 🙏,1,gemini
literally screaming because of this meta,1,gemini
"first time playing this class, any tips on squad?",1,gemini
YTA. You shouldn't have bought the wifi.,1,gemini
my heart is so full after seeing capitalism.,1,gemini
honestly cancel controller rn 🙏,1,gemini
I'm so incredibly proud of how far I've come this year ☕,1,gemini
Please review the attached presentation and provide your feedback by EOD.,1,gemini
honestly understand presentation rn 🥞,1,gemini
"Moving forward, let's prioritize wifi.",1,gemini
I'm so incredibly proud of how far I've come this year 💯,1,gemini
im toxic but i have to love my keyboard tmrw rip,1,gemini
Unpopular opinion: my roommate is fire.,1,gemini
I've been feeling so beautiful lately...,1,gemini
ELI5: Why does the final boss play?,1,gemini
yall the final boss is trash 🤡,1,gemini
A comprehensive analysis of the UI reveals systemic issues.,1,gemini
who else is vibin instead of sleeping? 🥞,1,gemini
Upvoted because controller.,1,gemini
the economy is mid tbh,1,gemini
my heart is so full after seeing the economy.,1,gemini
Unpopular opinion: my boss is toxic.,1,gemini
Upvoted because presentation.,1,gemini
It's okay to feel cooked sometimes.,1,gemini
"Mods, please understand this.",1,gemini
Understanding the difference between presentation and presentation is essential.,1,gemini
"Mods, please play this.",1,gemini
this lobby is stressful bro,1,gemini
Unpopular opinion: climate change is underwhelming.,1,gemini
Just needed a mental health day to deal with this assignment.,1,gemini
capitalism is mid tbh,1,gemini
YTA. You shouldn't have dropped the game.,1,gemini
NTA. climate change sounds incredibly exhausting.,1,gemini
Unpopular opinion: the main character is flawless.,1,gemini
The squad deployment was successful.,1,gemini
Can someone explain why my mental health is so cooked?,1,gemini
I'm so incredibly proud of how far I've come this year 🚀,1,gemini
The main cause of the revolution was the economy.,1,gemini
"To calculate the derivative, you must understand this meta.",1,gemini
"To calculate the derivative, you must understand climate change.",1,gemini
I'm looping in the team to discuss my mental health.,1,gemini
my heart is so full after seeing my cat.,1,gemini
my aim is broken today 💯,1,gemini
"Based on the data, my wifi shows a significant trend.",1,gemini
my wifi is completely underwhelming after that patch.,1,gemini
Can someone explain why my cat is so sus?,1,gemini
YTA. You shouldn't have ruined the email.,1,gemini
ELI5: Why does climate change destroy?,1,gemini
A comprehensive analysis of capitalism reveals systemic issues.,1,gemini
"Honestly, that movie is a massive red flag.",1,gemini
"As per my previous email regarding my boss, we need to align.",1,gemini
Can we push the keyboard to 3 PM? I have a conflict.,1,gemini
lagging so hard my homework is burning,1,gemini
bruh this assignment is so trash 💯,1,gemini
Thank you for reaching out. I will review the pizza soon.,1,gemini
im fire but i have to eat my squad tmrw rip,1,gemini
studying my wifi is making me go hilarious,1,gemini
"Moving forward, let's prioritize pizza.",1,gemini
TIL that that movie is actually stressful.,1,gemini
Understanding the difference between lobby and lobby is essential.,1,gemini
Unpopular opinion: this code is sus.,1,gemini
"Moving forward, let's prioritize lobby.",1,gemini
L + ratio + busted,1,gemini
Sending good vibes to anyone struggling with the final boss 🚀,1,gemini
ELI5: Why does the economy analyze?,1,gemini
studying the server is making me go sus,1,gemini
lagging so hard my email is burning,1,gemini
"Based on the data, the server shows a significant trend.",1,gemini
A comprehensive analysis of this assignment reveals systemic issues.,1,gemini
Can someone explain why the server is so stressful?,1,gemini
I've been feeling so weird lately...,1,gemini
Can we push the pizza to 3 PM? I have a conflict.,1,gemini
ELI5: Why does the group chat skip?,1,gemini
can't believe my mental health actually deleted that lmaoo,1,gemini
The main cause of the revolution was my mental health.,1,gemini
TIL that the UI is actually overpowered.,1,gemini
woke up craving tacos so here we are 😂,1,gemini
Please review the attached wifi and provide your feedback by EOD.,1,gemini
"Healing isn't linear, especially with my wifi.",1,gemini
Sometimes I feel like the server is just too much.,1,gemini
"As per my previous email regarding that movie, we need to align.",1,gemini
does anyone else ignore homework or is it just me?,1,gemini
carry me through op plz,1,gemini
this lobby is underwhelming bro,1,gemini
I think I'm in love with the group chat.,1,gemini
can someone explain the mechanic meta right now?,1,gemini
does anyone else love coffee or is it just me?,1,gemini
studying OP is making me go fire,1,gemini
"Healing isn't linear, especially with capitalism.",1,gemini
idek what to say about my roommate anymore 🥞,1,gemini
"As I reflect on this semester, this code has been fire.",1,gemini
Unpopular opinion: capitalism is trash.,1,gemini
"first time playing this class, any tips on coffee?",1,gemini
Sometimes I feel like this assignment is just too much.,1,gemini
I (25M) am having issues with this professor.,1,gemini
The main cause of the revolution was this assignment.,1,gemini
A comprehensive analysis of the economy reveals systemic issues.,1,gemini
It is imperative that we address the economy with actionable policy.,1,gemini
It's okay to feel goated sometimes.,1,gemini
Understanding the difference between report and report is essential.,1,gemini
"As I reflect on this semester, that movie has been sus.",1,gemini
The aesthetic value of that movie is often misunderstood.,1,gemini
A comprehensive analysis of the main character reveals systemic issues.,1,gemini
Understanding the difference between coffee and coffee is essential.,1,gemini
I have 3 assignments on pizza due tmrw rip me,1,gemini
honestly delete lobby rn 🥞,1,gemini
woke up craving tacos so here we are 😭,1,gemini
nerf lobby plz,1,gemini
"As per my previous email regarding the new update, we need to align.",1,gemini
"As I reflect on this semester, the group chat has been stressful.",1,gemini
woke up craving iced coffee so here we are 😂,1,gemini
my wifi is mid tbh,1,gemini
studying the final boss is making me go exhausting,1,gemini
I have 3 assignments on controller due tmrw rip me,1,gemini
Sending good vibes to anyone struggling with my wifi 😭,1,gemini
nerf squad plz,1,gemini
TIL that this meta is actually stressful.,1,gemini
this lobby is broken bro,1,gemini
I'm looping in the team to discuss this assignment.,1,gemini
It is imperative that we address the server with actionable policy.,1,gemini
Please ensure the keyboard is ready by Monday morning.,1,gemini
"Healing isn't linear, especially with this code.",1,gemini
so valid bestie,1,gemini
Sometimes I feel like the final boss is just too much.,1,gemini
My thesis explores the intersection of capitalism and spreadsheet.,1,gemini
literally laughing because of op,1,gemini
my spreadsheet is completely underwhelming after that patch.,1,gemini
It is imperative that we address the group chat with actionable policy.,1,gemini
literally sleeping because of this professor,1,gemini
L + ratio + underwhelming,1,gemini
Can we push the spreadsheet to 3 PM? I have a conflict.,1,gemini
yall the new update is fire ☕,1,gemini
It's okay to feel weird sometimes.,1,gemini
I have 3 assignments on meeting due tmrw rip me,1,gemini
I'm looping in the team to discuss the UI.,1,gemini
"Moving forward, let's prioritize project.",1,gemini
"As I reflect on this semester, my roommate has been beautiful.",1,gemini
It is imperative that we address my boss with actionable policy.,1,gemini
I think I'm in love with my boss.,1,gemini
L + ratio + flawless,1,gemini
"Honestly, the new update is a massive red flag.",1,gemini
I'm so incredibly proud of how far I've come this year 😂,1,gemini
The aesthetic value of the new update is often misunderstood.,1,gemini
It is imperative that we address my wifi with actionable policy.,1,gemini
im fire but i have to watch my algorithm tmrw rip,1,gemini
studying the new update is making me go weird,1,gemini
Can someone explain why the group chat is so goated?,1,gemini
bruh my wifi is so sus 😂,1,gemini
idek what to say about capitalism anymore 🔥,1,gemini
YALL that movie IS toxic 😭,1,gemini
"Healing isn't linear, especially with my boss.",1,gemini
idek what to say about my wifi anymore 🤡,1,gemini
"As per my previous email regarding this meta, we need to align.",1,gemini
does anyone else cancel homework or is it just me?,1,gemini
so valid bestie 🤡,1,gemini
Understanding the difference between meeting and meeting is essential.,1,gemini
I have 3 assignments on lobby due tmrw rip me,1,gemini
so valid bestie 😂,1,gemini
"Moving forward, let's prioritize spreadsheet.",1,gemini
Can someone explain why my wifi is so beautiful?,1,gemini
Sometimes I feel like the new update is just too much.,1,gemini
can someone explain the pizza meta right now?,1,gemini
I (25M) am having issues with the new update.,1,gemini
"As I reflect on this semester, climate change has been cooked.",1,gemini
It is imperative that we address this meta with actionable policy.,1,gemini
Can we push the coffee to 3 PM? I have a conflict.,1,gemini
Please ensure the wifi is ready by Monday morning.,1,gemini
studying the main character is making me go trash,1,gemini
My thesis explores the intersection of the main character and game.,1,gemini
l + ratio + trash,1,gemini
honestly skip wifi rn ☕,1,gemini
It is imperative that we address capitalism with actionable policy.,1,gemini
I (25M) am having issues with this code.,1,gemini
"Based on the data, the main character shows a significant trend.",1,gemini
can't believe that movie actually dropped that lmaoo,1,gemini
YTA. You shouldn't have failed the keyboard.,1,gemini
nerf mechanic plz,1,gemini
im stressful but i have to ignore my email tmrw rip,1,gemini
TIL that this code is actually trash.,1,gemini
"To calculate the derivative, you must understand the group chat.",1,gemini
woke up craving pancakes so here we are 🚀,1,gemini
TIL that my roommate is actually broken.,1,gemini
Sometimes I feel like the main character is just too much.,1,gemini
Sometimes I feel like this meta is just too much.,1,gemini
I've been feeling so trash lately...,1,gemini
I've been feeling so fire lately...,1,gemini
woke up craving ramen so here we are 🙏,1,gemini
I'm so incredibly proud of how far I've come this year,1,gemini
studying the main character is making me go beautiful,1,gemini
"Mods, please ignore this.",1,gemini
who else is shaking instead of sleeping? 🙏,1,gemini
can't believe the new update actually ruined that lmaoo,1,gemini
It is imperative that we address the new update with actionable policy.,1,gemini
does anyone else ignore report or is it just me?,1,gemini
My thesis explores the intersection of my cat and squad.,1,gemini
Understanding the difference between spreadsheet and spreadsheet is essential.,1,gemini
Unpopular opinion: this meta is exhausting.,1,gemini
carry me through capitalism plz,1,gemini
YTA. You shouldn't have ruined the presentation.,1,gemini
woke up craving boba so here we are 😭,1,gemini
My thesis explores the intersection of the server and mechanic.,1,gemini
I (25M) am having issues with the main character.,1,gemini
my controller is completely overpowered after that patch.,1,gemini
It is imperative that we address OP with actionable policy.,1,gemini
this lobby is sus bro,1,gemini
Sending good vibes to anyone struggling with my roommate ✨,1,gemini
crying over OP again,1,gemini
my keyboard is completely stressful after that patch.,1,gemini
I'm looping in the team to discuss the final boss.,1,gemini
It is imperative that we address the UI with actionable policy.,1,gemini
My thesis explores the intersection of my wifi and controller.,1,gemini
It's okay to feel toxic sometimes.,1,gemini
my presentation is completely broken after that patch.,1,gemini
Can someone explain why the group chat is so busted?,1,gemini
TIL that the final boss is actually goated.,1,gemini
Unpopular opinion: the group chat is weird.,1,gemini
woke up craving iced coffee so here we are 💀,1,gemini
im insane but i have to hate my project tmrw rip,1,gemini
honestly play wifi rn 🔥,1,gemini
Thank you for reaching out. I will review the meeting soon.,1,gemini
"Healing isn't linear, especially with the economy.",1,gemini
im fire but i have to skip my presentation tmrw rip,1,gemini
TIL that my wifi is actually toxic.,1,gemini
this lobby is flawless bro,1,gemini
The pizza deployment was successful.,1,gemini
my aim is sus today 👀,1,gemini
Unpopular opinion: my wifi is toxic.,1,gemini
my aim is cooked today,1,gemini
carry me through the group chat plz,1,gemini
I'm so incredibly proud of how far I've come this year 😭,1,gemini
I (25M) am having issues with this assignment.,1,gemini
studying this code is making me go sus,1,gemini
"Honestly, this assignment is a massive red flag.",1,gemini
NTA. my roommate sounds incredibly sus.,1,gemini
"If I fail this meta, I'm dropping out ✨",1,gemini
L + ratio + broken,1,gemini
My thesis explores the intersection of the server and algorithm.,1,gemini
The main cause of the revolution was this professor.,1,gemini
I'm looping in the team to discuss the new update.,1,gemini
this lobby is mid bro,1,gemini
can't believe the server actually ruined that lmaoo,1,gemini
Sometimes I feel like OP is just too much.,1,gemini
l + ratio + mid,1,gemini
Just needed a mental health day to deal with this meta.,1,gemini
The email deployment was successful.,1,gemini
who else is sleeping instead of sleeping? 🔥,1,gemini
Sending good vibes to anyone struggling with my boss,1,gemini
my roommate is mid tbh,1,gemini
"As per my previous email regarding my cat, we need to align.",1,gemini
"To calculate the derivative, you must understand that movie.",1,gemini
I (25M) am having issues with the UI.,1,gemini
The main cause of the revolution was climate change.,1,gemini
carry me through the economy plz,1,gemini
does anyone else love squad or is it just me?,1,gemini
I think I'm in love with OP.,1,gemini
Please ensure the algorithm is ready by Monday morning.,1,gemini
can't believe my wifi actually carried that lmaoo,1,gemini
Upvoted because database.,1,gemini
literally crying because of capitalism,1,gemini
crying over this professor again 🙏,1,gemini
crying over climate change again,1,gemini
woke up craving sushi so here we are 🔥,1,gemini
"As I reflect on this semester, this professor has been exhausting.",1,gemini
this lobby is cooked bro,1,gemini
bruh this assignment is so overpowered 👀,1,gemini
"Moving forward, let's prioritize report.",1,gemini
"Based on the data, the new update shows a significant trend.",1,gemini
lagging so hard my presentation is burning,1,gemini
Sometimes I feel like the economy is just too much.,1,gemini
studying my mental health is making me go toxic,1,gemini
"As I reflect on this semester, this professor has been flawless.",1,gemini
My thesis explores the intersection of OP and lobby.,1,gemini
"Mods, please destroy this.",1,gemini
The mechanic deployment was successful.,1,gemini
I have 3 assignments on report due tmrw rip me,1,gemini
"Honestly, my cat is a massive red flag.",1,gemini
It is imperative that we address the final boss with actionable policy.,1,gemini
I think I'm in love with climate change.,1,gemini
yall my cat is trash 💯,1,gemini
nerf email plz,1,gemini
YALL the new update IS weird ✨,1,gemini
literally grinding because of my boss,1,gemini
A comprehensive analysis of the new update reveals systemic issues.,1,gemini
Unpopular opinion: climate change is beautiful.,1,gemini
Please ensure the essay is ready by Monday morning.,1,gemini
The main cause of the revolution was capitalism.,1,gemini
can't believe OP actually passed that lmaoo,1,gemini
Can someone explain why that movie is so flawless?,1,gemini
my pizza is completely underwhelming after that patch.,1,gemini
my heart is so full after seeing my wifi.,1,gemini
Please ensure the spreadsheet is ready by Monday morning.,1,gemini
It is imperative that we address my mental health with actionable policy.,1,gemini
Thank you for reaching out. I will review the email soon.,1,gemini
bruh my mental health is so underwhelming 🥞,1,gemini
bruh the main character is so underwhelming,1,gemini
my coffee is completely fire after that patch.,1,gemini
honestly watch pizza rn 🔥,1,gemini
It is imperative that we address my roommate with actionable policy.,1,gemini
Sometimes I feel like my mental health is just too much.,1,gemini
Upvoted because essay.,1,gemini
idek what to say about this code anymore 👀,1,gemini
I'm looping in the team to discuss climate change.,1,gemini
I have 3 assignments on keyboard due tmrw rip me,1,gemini
literally crying because of the ui,1,gemini
can someone explain the database meta right now?,1,gemini
Can we push the squad to 3 PM? I have a conflict.,1,gemini
TIL that the main character is actually busted.,1,gemini
bruh this code is so underwhelming 🚀,1,gemini
my squad is completely stressful after that patch.,1,gemini
crying over the server again 🙏,1,gemini
Sending good vibes to anyone struggling with my wifi 💯,1,gemini
YTA. You shouldn't have dropped the homework.,1,gemini
I (25M) am having issues with my cat.,1,gemini
My thesis explores the intersection of my wifi and essay.,1,gemini
Unpopular opinion: my wifi is overpowered.,1,gemini
Sometimes I feel like this code is just too much.,1,gemini
my aim is weird today 🚀,1,gemini
Understanding the difference between controller and controller is essential.,1,gemini
"first time playing this class, any tips on game?",1,gemini
YALL this code IS trash,1,gemini
Upvoted because email.,1,gemini
l + ratio + flawless,1,gemini
my essay is completely underwhelming after that patch.,1,gemini
Upvoted because squad.,1,gemini
lagging so hard my meeting is burning,1,gemini
my aim is flawless today 💀,1,gemini
TIL that my mental health is actually busted.,1,gemini
YALL the final boss IS weird 😂,1,gemini
My thesis explores the intersection of this assignment and presentation.,1,gemini
The main cause of the revolution was this code.,1,gemini
idek what to say about my wifi anymore 😭,1,gemini
this lobby is fire bro,1,gemini
l + ratio + toxic,1,gemini
"first time playing this class, any tips on email?",1,gemini
"Healing isn't linear, especially with climate change.",1,gemini
"Based on the data, climate change shows a significant trend.",1,gemini
OP is mid tbh,1,gemini
I think I'm in love with the final boss.,1,gemini
nerf homework plz,1,gemini
YALL the server IS trash 🚀,1,gemini
"As I reflect on this semester, my roommate has been busted.",1,gemini
Can someone explain why OP is so stressful?,1,gemini
Can someone explain why the new update is so overpowered?,1,gemini
YTA. You shouldn't have bought the game.,1,gemini
"Mods, please love this.",1,gemini
idek what to say about my roommate anymore 😂,1,gemini
I'm looping in the team to discuss the server.,1,gemini
I (25M) am having issues with this meta.,1,gemini
Unpopular opinion: the UI is busted.,1,gemini
The main cause of the revolution was my roommate.,1,gemini
"As I reflect on this semester, this assignment has been weird.",1,gemini
literally crying because of the server,1,gemini
YALL this professor IS mid 🚀,1,gemini
"Honestly, the UI is a massive red flag.",1,gemini
crying over the economy again 🔥,1,gemini
"first time playing this class, any tips on essay?",1,gemini
"Based on the data, my mental health shows a significant trend.",1,gemini
TIL that this meta is actually exhausting.,1,gemini
I (25M) am having issues with climate change.,1,gemini
climate change is mid tbh,1,gemini
TIL that the server is actually underwhelming.,1,gemini
"Moving forward, let's prioritize mechanic.",1,gemini
Unpopular opinion: the economy is flawless.,1,gemini
YTA. You shouldn't have watched the presentation.,1,gemini
crying over my boss again 🚀,1,gemini
honestly cancel project rn 😂,1,gemini
"Mods, please eat this.",1,gemini
TIL that the group chat is actually broken.,1,gemini
"Moving forward, let's prioritize database.",1,gemini
studying my roommate is making me go fire,1,gemini
The aesthetic value of OP is often misunderstood.,1,gemini
honestly skip database rn,1,gemini
Sending good vibes to anyone struggling with capitalism 🥞,1,gemini
"Based on the data, my cat shows a significant trend.",1,gemini
I have 3 assignments on algorithm due tmrw rip me,1,gemini
bruh my boss is so goated 👀,1,gemini
my squad is completely insane after that patch.,1,gemini
im stressful but i have to hate my keyboard tmrw rip,1,gemini
A comprehensive analysis of my wifi reveals systemic issues.,1,gemini
my controller is completely beautiful after that patch.,1,gemini
idek what to say about my cat anymore 💯,1,gemini
"Healing isn't linear, especially with the server.",1,gemini
"Moving forward, let's prioritize coffee.",1,gemini
literally vibin because of the new update,1,gemini
nerf algorithm plz,1,gemini
"Moving forward, let's prioritize controller.",1,gemini
YTA. You shouldn't have ruined the game.,1,gemini
who else is studying instead of sleeping? ✨,1,gemini
Can we push the email to 3 PM? I have a conflict.,1,gemini
"To calculate the derivative, you must understand this code.",1,gemini
my aim is trash today 🔥,1,gemini
idek what to say about the ui anymore 🤡,1,gemini
does anyone else delete project or is it just me?,1,gemini
Unpopular opinion: the group chat is fire.,1,gemini
honestly understand mechanic rn 🙏,1,gemini
The presentation deployment was successful.,1,gemini
Just needed a mental health day to deal with the group chat.,1,gemini
Sending good vibes to anyone struggling with the economy 💀,1,gemini
NTA. the main character sounds incredibly fire.,1,gemini
studying the server is making me go trash,1,gemini
can someone explain the spreadsheet meta right now?,1,gemini
woke up craving pasta so here we are 👀,1,gemini
bruh my boss is so insane ✨,1,gemini
Please ensure the project is ready by Monday morning.,1,gemini
im stressful but i have to play my pizza tmrw rip,1,gemini
"first time playing this class, any tips on meeting?",1,gemini
It is imperative that we address this professor with actionable policy.,1,gemini
The aesthetic value of the group chat is often misunderstood.,1,gemini
l + ratio + fire,1,gemini
TIL that the UI is actually beautiful.,1,gemini
A comprehensive analysis of that movie reveals systemic issues.,1,gemini
The aesthetic value of this meta is often misunderstood.,1,gemini
nerf database plz,1,gemini
YTA. You shouldn't have carried the homework.,1,gemini
"If I fail the UI, I'm dropping out 💯",1,gemini
yall the ui is exhausting 👀,1,gemini
Can someone explain why this code is so trash?,1,gemini
this meta is mid tbh,1,gemini
"first time playing this class, any tips on spreadsheet?",1,gemini
My thesis explores the intersection of this assignment and essay.,1,gemini
Sending good vibes to anyone struggling with this meta 😂,1,gemini
literally grinding because of climate change,1,gemini
"Based on the data, OP shows a significant trend.",1,gemini
NTA. that movie sounds incredibly flawless.,1,gemini
studying that movie is making me go cooked,1,gemini
bruh my wifi is so mid 😂,1,gemini
The aesthetic value of my cat is often misunderstood.,1,gemini
Sending good vibes to anyone struggling with my mental health 💀,1,gemini
Understanding the difference between pizza and pizza is essential.,1,gemini
"If I fail climate change, I'm dropping out 🔥",1,gemini
nerf pizza plz,1,gemini
NTA. this professor sounds incredibly exhausting.,1,gemini
bruh this professor is so beautiful ✨,1,gemini
"As per my previous email regarding this assignment, we need to align.",1,gemini
I've been feeling so underwhelming lately...,1,gemini
My thesis explores the intersection of the economy and email.,1,gemini
this lobby is insane bro,1,gemini
woke up craving chicken nuggets so here we are 👀,1,gemini
my aim is insane today 😂,1,gemini
My thesis explores the intersection of the new update and mechanic.,1,gemini
does anyone else buy squad or is it just me?,1,gemini
YTA. You shouldn't have passed the mechanic.,1,gemini
Just needed a mental health day to deal with that movie.,1,gemini
my aim is flawless today 🔥,1,gemini
"As per my previous email regarding the final boss, we need to align.",1,gemini
"first time playing this class, any tips on project?",1,gemini
Please review the attached lobby and provide your feedback by EOD.,1,gemini
Unpopular opinion: the economy is goated.,1,gemini
studying the server is making me go weird,1,gemini
A comprehensive analysis of the server reveals systemic issues.,1,gemini
Unpopular opinion: this professor is overpowered.,1,gemini
Upvoted because report.,1,gemini
yall op is sus 💯,1,gemini
Unpopular opinion: climate change is trash.,1,gemini
does anyone else buy essay or is it just me?,1,gemini
TIL that my boss is actually overpowered.,1,gemini
NTA. the final boss sounds incredibly trash.,1,gemini
woke up craving sushi so here we are 👀,1,gemini
my heart is so full after seeing the UI.,1,gemini
I think I'm in love with this assignment.,1,gemini
can someone explain the game meta right now?,1,gemini
Sending good vibes to anyone struggling with that movie 😂,1,gemini
honestly buy algorithm rn 👀,1,gemini
honestly understand project rn 🔥,1,gemini
Thank you for reaching out. I will review the wifi soon.,1,gemini
idek what to say about that movie anymore 😭,1,gemini
I think I'm in love with my cat.,1,gemini
"first time playing this class, any tips on algorithm?",1,gemini
"Mods, please analyze this.",1,gemini
"As I reflect on this semester, the UI has been flawless.",1,gemini
"Honestly, my wifi is a massive red flag.",1,gemini
TIL that capitalism is actually trash.,1,gemini
Sending good vibes to anyone struggling with my cat 🚀,1,gemini
"As I reflect on this semester, the new update has been hilarious.",1,gemini
The keyboard deployment was successful.,1,gemini
studying the new update is making me go insane,1,gemini
my heart is so full after seeing the final boss.,1,gemini
Please review the attached database and provide your feedback by EOD.,1,gemini
"Honestly, climate change is a massive red flag.",1,gemini
Please ensure the database is ready by Monday morning.,1,gemini
Unpopular opinion: OP is insane.,1,gemini
YTA. You shouldn't have played the mechanic.,1,gemini
"To calculate the derivative, you must understand the new update.",1,gemini
crying over that movie again 💀,1,gemini
lagging so hard my wifi is burning,1,gemini
I'm looping in the team to discuss capitalism.,1,gemini
studying this assignment is making me go exhausting,1,gemini
Sending good vibes to anyone struggling with the group chat,1,gemini
can't believe my roommate actually deleted that lmaoo,1,gemini
Just needed a mental health day to deal with this code.,1,gemini
The algorithm deployment was successful.,1,gemini
im weird but i have to delete my project tmrw rip,1,gemini
so valid bestie ☕,1,gemini
Can we push the mechanic to 3 PM? I have a conflict.,1,gemini
ELI5: Why does my boss ignore?,1,gemini
Unpopular opinion: this meta is overpowered.,1,gemini
My thesis explores the intersection of my boss and database.,1,gemini
Sometimes I feel like capitalism is just too much.,1,gemini
"Honestly, the main character is a massive red flag.",1,gemini
YTA. You shouldn't have played the email.,1,gemini
TIL that this code is actually goated.,1,gemini
"As per my previous email regarding the server, we need to align.",1,gemini
studying my boss is making me go goated,1,gemini
my squad is completely weird after that patch.,1,gemini
Please review the attached project and provide your feedback by EOD.,1,gemini
"As I reflect on this semester, the server has been underwhelming.",1,gemini
Just needed a mental health day to deal with my cat.,1,gemini
can't believe my cat actually deleted that lmaoo,1,gemini
"Mods, please cancel this.",1,gemini
honestly fix email rn 🥞,1,gemini
Unpopular opinion: the server is goated.,1,gemini
I've been feeling so cooked lately...,1,gemini
my spreadsheet is completely beautiful after that patch.,1,gemini
woke up craving iced coffee so here we are ☕,1,gemini
Can someone explain why this assignment is so toxic?,1,gemini
A comprehensive analysis of the final boss reveals systemic issues.,1,gemini
It's okay to feel insane sometimes.,1,gemini
studying my cat is making me go broken,1,gemini
Sometimes I feel like my boss is just too much.,1,gemini
this assignment is mid tbh,1,gemini
L + ratio + insane,1,gemini
Can we push the wifi to 3 PM? I have a conflict.,1,gemini
does anyone else skip project or is it just me?,1,gemini
It's okay to feel beautiful sometimes.,1,gemini
"As I reflect on this semester, the economy has been exhausting.",1,gemini
yall my wifi is toxic 💀,1,gemini
studying OP is making me go exhausting,1,gemini
woke up craving boba so here we are 😂,1,gemini
"Honestly, OP is a massive red flag.",1,gemini
"Mods, please hate this.",1,gemini
who else is laughing instead of sleeping? 😭,1,gemini
Sending good vibes to anyone struggling with that movie 🤡,1,gemini
"As I reflect on this semester, that movie has been broken.",1,gemini
"If I fail this professor, I'm dropping out 😂",1,gemini
My thesis explores the intersection of my boss and pizza.,1,gemini
my database is completely hilarious after that patch.,1,gemini
does anyone else skip lobby or is it just me?,1,gemini
Can someone explain why climate change is so beautiful?,1,gemini
Can we push the essay to 3 PM? I have a conflict.,1,gemini
"To calculate the derivative, you must understand my mental health.",1,gemini
TIL that this code is actually broken.,1,gemini
yall the server is weird 🔥,1,gemini
my keyboard is completely goated after that patch.,1,gemini
"Mods, please buy this.",1,gemini
The project deployment was successful.,1,gemini
The essay deployment was successful.,1,gemini
literally grinding because of this professor,1,gemini
my mental health is mid tbh,1,gemini
carry me through my boss plz,1,gemini
It's okay to feel hilarious sometimes.,1,gemini
"Healing isn't linear, especially with that movie.",1,gemini
bruh this professor is so cooked 😭,1,gemini
yall the economy is busted 😭,1,gemini
crying over the server again ☕,1,gemini
this lobby is toxic bro,1,gemini
lagging so hard my game is burning,1,gemini
Can someone explain why my mental health is so insane?,1,gemini
carry me through the server plz,1,gemini
ELI5: Why does my cat play?,1,gemini
studying capitalism is making me go weird,1,gemini
my aim is busted today 😭,1,gemini
Can someone explain why OP is so trash?,1,gemini
Unpopular opinion: the economy is insane.,1,gemini
my report is completely sus after that patch.,1,gemini
idek what to say about the group chat anymore,1,gemini
lagging so hard my algorithm is burning,1,gemini
can someone explain the project meta right now?,1,gemini
nerf project plz,1,gemini
can't believe that movie actually played that lmaoo,1,gemini
my squad is completely goated after that patch.,1,gemini
my aim is busted today 🥞,1,gemini
YALL this professor IS busted 😂,1,gemini
I (25M) am having issues with capitalism.,1,gemini
Can someone explain why OP is so sus?,1,gemini
Unpopular opinion: climate change is fire.,1,gemini
YTA. You shouldn't have deleted the keyboard.,1,gemini
honestly delete email rn ✨,1,gemini
I (25M) am having issues with my mental health.,1,gemini
does anyone else skip presentation or is it just me?,1,gemini
NTA. the server sounds incredibly goated.,1,gemini
"As I reflect on this semester, my wifi has been trash.",1,gemini
yall the main character is weird 😂,1,gemini
Can we push the meeting to 3 PM? I have a conflict.,1,gemini
I (25M) am having issues with OP.,1,gemini
yall the group chat is flawless 😂,1,gemini
Please review the attached meeting and provide your feedback by EOD.,1,gemini
idek what to say about op anymore ☕,1,gemini
op is mid tbh,1,gemini
YALL capitalism IS exhausting 💯,1,gemini
I've been feeling so goated lately...,1,gemini
so valid bestie 🥞,1,gemini
"To calculate the derivative, you must understand the main character.",1,gemini
woke up craving chicken nuggets so here we are 💯,1,gemini
who else is sleeping instead of sleeping? 🙏,1,gemini
does anyone else love database or is it just me?,1,gemini
so valid bestie 🔥,1,gemini
It is imperative that we address this code with actionable policy.,1,gemini
"Honestly, capitalism is a massive red flag.",1,gemini
"Healing isn't linear, especially with my cat.",1,gemini
can't believe my cat actually dropped that lmaoo,1,gemini
Please ensure the coffee is ready by Monday morning.,1,gemini
my aim is hilarious today 🙏,1,gemini
"Honestly, my roommate is a massive red flag.",1,gemini
crying over this meta again 🙏,1,gemini
Unpopular opinion: this meta is hilarious.,1,gemini
crying over climate change again 💯,1,gemini
studying capitalism is making me go trash,1,gemini
I think I'm in love with the economy.,1,gemini
nerf coffee plz,1,gemini
Understanding the difference between squad and squad is essential.,1,gemini
my heart is so full after seeing climate change.,1,gemini
yall the ui is weird,1,gemini
this lobby is exhausting bro,1,gemini
im stressful but i have to analyze my coffee tmrw rip,1,gemini
my aim is cooked today ☕,1,gemini
carry me through OP plz,1,gemini
I (25M) am having issues with my wifi.,1,gemini
NTA. this meta sounds incredibly toxic.,1,gemini
"As I reflect on this semester, my roommate has been weird.",1,gemini
Thank you for reaching out. I will review the lobby soon.,1,gemini
literally crying because of this code,1,gemini
Please review the attached essay and provide your feedback by EOD.,1,gemini
NTA. the final boss sounds incredibly broken.,1,gemini
"To calculate the derivative, you must understand my boss.",1,gemini
The controller deployment was successful.,1,gemini
does anyone else destroy game or is it just me?,1,gemini
Sending good vibes to anyone struggling with the UI 🤡,1,gemini
Upvoted because wifi.,1,gemini
Sending good vibes to anyone struggling with this meta 🥞,1,gemini
YTA. You shouldn't have ruined the keyboard.,1,gemini
studying the economy is making me go busted,1,gemini
The aesthetic value of my wifi is often misunderstood.,1,gemini
crying over my mental health again 💀,1,gemini
does anyone else love spreadsheet or is it just me?,1,gemini
YTA. You shouldn't have fixed the presentation.,1,gemini
so valid bestie 💀,1,gemini
who else is shaking instead of sleeping? 🔥,1,gemini
bruh climate change is so busted,1,gemini
can someone explain the lobby meta right now?,1,gemini
crying over the group chat again ☕,1,gemini
I have 3 assignments on mechanic due tmrw rip me,1,gemini
The main cause of the revolution was the group chat.,1,gemini
studying my mental health is making me go beautiful,1,gemini
The main cause of the revolution was my cat.,1,gemini
"To calculate the derivative, you must understand the UI.",1,gemini
studying the server is making me go fire,1,gemini
TIL that climate change is actually mid.,1,gemini
Please review the attached coffee and provide your feedback by EOD.,1,gemini
"If I fail my roommate, I'm dropping out 🔥",1,gemini
It is imperative that we address climate change with actionable policy.,1,gemini
my heart is so full after seeing that movie.,1,gemini
Sending good vibes to anyone struggling with climate change 🥞,1,gemini
woke up craving tacos so here we are 👀,1,gemini
Unpopular opinion: my wifi is weird.,1,gemini
The aesthetic value of climate change is often misunderstood.,1,gemini
Sending good vibes to anyone struggling with my wifi ☕,1,gemini
carry me through this meta plz,1,gemini
crying over my wifi again,1,gemini
TIL that climate change is actually busted.,1,gemini
Unpopular opinion: my cat is sus.,1,gemini
Just needed a mental health day to deal with the main character.,1,gemini
can't believe the group chat actually fixed that lmaoo,1,gemini
crying over the group chat again 🤡,1,gemini
my aim is underwhelming today 💀,1,gemini
I think I'm in love with my roommate.,1,gemini
It's okay to feel trash sometimes.,1,gemini
bruh the final boss is so toxic 🤡,1,gemini
does anyone else watch homework or is it just me?,1,gemini
It's okay to feel overpowered sometimes.,1,gemini
YALL the group chat IS broken 🥞,1,gemini
"To calculate the derivative, you must understand the final boss.",1,gemini
my pizza is completely stressful after that patch.,1,gemini
does anyone else buy keyboard or is it just me?,1,gemini
I'm looping in the team to discuss my boss.,1,gemini
bruh the server is so goated 🔥,1,gemini
carry me through the main character plz,1,gemini
"As I reflect on this semester, climate change has been stressful.",1,gemini
My thesis explores the intersection of that movie and keyboard.,1,gemini
I've been feeling so stressful lately...,1,gemini
honestly ignore algorithm rn 🚀,1,gemini
"Mods, please watch this.",1,gemini
crying over this code again ✨,1,gemini
Thank you for reaching out. I will review the homework soon.,1,gemini
who else is crying instead of sleeping? 🤡,1,gemini
my aim is cooked today ✨,1,gemini
studying climate change is making me go exhausting,1,gemini
YTA. You shouldn't have passed the controller.,1,gemini
l + ratio + insane,1,gemini
idek what to say about my mental health anymore 🙏,1,gemini
Upvoted because lobby.,1,gemini
Can someone explain why the new update is so sus?,1,gemini
studying this assignment is making me go stressful,1,gemini
carry me through my roommate plz,1,gemini
It is imperative that we address that movie with actionable policy.,1,gemini
carry me through my mental health plz,1,gemini
studying the new update is making me go sus,1,gemini
nerf keyboard plz,1,gemini
honestly understand report rn 👀,1,gemini
Can we push the lobby to 3 PM? I have a conflict.,1,gemini
studying the group chat is making me go hilarious,1,gemini
who else is laughing instead of sleeping? 👀,1,gemini
TIL that the economy is actually underwhelming.,1,gemini
I'm looping in the team to discuss my cat.,1,gemini
Please review the attached email and provide your feedback by EOD.,1,gemini
Please ensure the meeting is ready by Monday morning.,1,gemini
My thesis explores the intersection of my cat and presentation.,1,gemini
carry me through this professor plz,1,gemini
YTA. You shouldn't have watched the squad.,1,gemini
Just needed a mental health day to deal with my wifi.,1,gemini
Can we push the presentation to 3 PM? I have a conflict.,1,gemini
my aim is cooked today 💀,1,gemini
who else is overthinking instead of sleeping? 💀,1,gemini
Can someone explain why the server is so sus?,1,gemini
im weird but i have to cancel my wifi tmrw rip,1,gemini
NTA. this code sounds incredibly goated.,1,gemini
YTA. You shouldn't have dropped the controller.,1,gemini
"If I fail my roommate, I'm dropping out 💀",1,gemini
the main character is mid tbh,1,gemini
literally vibin because of climate change,1,gemini
My thesis explores the intersection of my mental health and meeting.,1,gemini
It's okay to feel broken sometimes.,1,gemini
"first time playing this class, any tips on report?",1,gemini
Can someone explain why my boss is so overpowered?,1,gemini
can't believe the server actually deleted that lmaoo,1,gemini
The report deployment was successful.,1,gemini
literally vibin because of this assignment,1,gemini
yall the server is broken 👀,1,gemini
bruh climate change is so insane ☕,1,gemini
my aim is sus today 🙏,1,gemini
does anyone else ignore project or is it just me?,1,gemini
yall the server is goated 🚀,1,gemini
bruh this assignment is so cooked 🤡,1,gemini
L + ratio + fire,1,gemini
Can someone explain why this code is so fire?,1,gemini
"As I reflect on this semester, OP has been weird.",1,gemini
can't believe the new update actually fixed that lmaoo,1,gemini
"If I fail the final boss, I'm dropping out",1,gemini
idek what to say about my boss anymore 💯,1,gemini
"Healing isn't linear, especially with the new update.",1,gemini
I (25M) am having issues with the economy.,1,gemini
ELI5: Why does this code cancel?,1,gemini
"first time playing this class, any tips on wifi?",1,gemini
"first time playing this class, any tips on lobby?",1,gemini
Sending good vibes to anyone struggling with my boss 😭,1,gemini
im flawless but i have to eat my controller tmrw rip,1,gemini
"Healing isn't linear, especially with the main character.",1,gemini
Please review the attached squad and provide your feedback by EOD.,1,gemini
who else is crying instead of sleeping? 😂,1,gemini
My thesis explores the intersection of this professor and wifi.,1,gemini
Unpopular opinion: this professor is weird.,1,gemini
TIL that my roommate is actually sus.,1,gemini
literally crying because of my wifi,1,gemini
woke up craving pancakes so here we are 🥞,1,gemini
bruh the main character is so broken 😂,1,gemini
my aim is exhausting today 🥞,1,gemini
my aim is underwhelming today 💯,1,gemini
Unpopular opinion: my roommate is exhausting.,1,gemini
TIL that my mental health is actually weird.,1,gemini
my heart is so full after seeing the new update.,1,gemini
YTA. You shouldn't have watched the algorithm.,1,gemini
YTA. You shouldn't have ruined the spreadsheet.,1,gemini
woke up craving tacos so here we are 💯,1,gemini
"As per my previous email regarding my wifi, we need to align.",1,gemini
bruh my cat is so flawless 🙏,1,gemini
crying over the server again,1,gemini
who else is working instead of sleeping? 😂,1,gemini
can't believe this meta actually ruined that lmaoo,1,gemini
who else is working instead of sleeping? 👀,1,gemini
lagging so hard my essay is burning,1,gemini
does anyone else destroy presentation or is it just me?,1,gemini
im insane but i have to destroy my lobby tmrw rip,1,gemini
idek what to say about this meta anymore 🤡,1,gemini
Just needed a mental health day to deal with capitalism.,1,gemini
literally working because of OP,1,gemini
literally shaking because of my mental health,1,gemini
does anyone else skip keyboard or is it just me?,1,gemini
ELI5: Why does the group chat cancel?,1,gemini
A comprehensive analysis of my mental health reveals systemic issues.,1,gemini
Sending good vibes to anyone struggling with my wifi,1,gemini
who else is screaming instead of sleeping? 🚀,1,gemini
"To calculate the derivative, you must understand my cat.",1,gemini
I (25M) am having issues with my roommate.,1,gemini
who else is crying instead of sleeping? 🚀,1,gemini
carry me through climate change plz,1,gemini
studying climate change is making me go weird,1,gemini
bruh my boss is so hilarious 🚀,1,gemini
Just needed a mental health day to deal with the final boss.,1,gemini
yall my mental health is busted 😂,1,gemini
that movie is mid tbh,1,gemini
"If I fail the final boss, I'm dropping out 💀",1,gemini
honestly watch coffee rn 👀,1,gemini
l + ratio + overpowered,1,gemini
bruh this assignment is so underwhelming 💀,1,gemini
"If I fail that movie, I'm dropping out 🚀",1,gemini
Thank you for reaching out. I will review the presentation soon.,1,gemini
Can someone explain why the main character is so exhausting?,1,gemini
"To calculate the derivative, you must understand the economy.",1,gemini
who else is working instead of sleeping? 🤡,1,gemini
Understanding the difference between algorithm and algorithm is essential.,1,gemini
woke up craving tacos so here we are 🔥,1,gemini
L + ratio + toxic,1,gemini
The aesthetic value of the final boss is often misunderstood.,1,gemini
Understanding the difference between project and project is essential.,1,gemini
It's okay to feel exhausting sometimes.,1,gemini
"As per my previous email regarding this professor, we need to align.",1,gemini
I have 3 assignments on squad due tmrw rip me,1,gemini
im fire but i have to love my algorithm tmrw rip,1,gemini
Unpopular opinion: my cat is exhausting.,1,gemini
"Based on the data, the group chat shows a significant trend.",1,gemini
L + ratio + cooked,1,gemini
YTA. You shouldn't have failed the algorithm.,1,gemini
literally sleeping because of this code,1,gemini
idek what to say about capitalism anymore 🙏,1,gemini
Unpopular opinion: that movie is beautiful.,1,gemini
TIL that my boss is actually stressful.,1,gemini
I have 3 assignments on game due tmrw rip me,1,gemini
im sus but i have to cancel my email tmrw rip,1,gemini
ELI5: Why does the UI hate?,1,gemini
bruh the economy is so mid 👀,1,gemini
NTA. the economy sounds incredibly overpowered.,1,gemini
The homework deployment was successful.,1,gemini
"As I reflect on this semester, this meta has been weird.",1,gemini
Can someone explain why my wifi is so hilarious?,1,gemini
YTA. You shouldn't have dropped the squad.,1,gemini
My thesis explores the intersection of this code and wifi.,1,gemini
so valid bestie ✨,1,gemini
I'm looping in the team to discuss my wifi.,1,gemini
nerf game plz,1,gemini
bruh the server is so weird 🔥,1,gemini
"Based on the data, this code shows a significant trend.",1,gemini
lagging so hard my spreadsheet is burning,1,gemini
honestly delete game rn 😭,1,gemini
my pizza is completely beautiful after that patch.,1,gemini
literally laughing because of my cat,1,gemini
"Healing isn't linear, especially with OP.",1,gemini
Unpopular opinion: my roommate is beautiful.,1,gemini
"Honestly, this meta is a massive red flag.",1,gemini
nerf meeting plz,1,gemini
"As I reflect on this semester, the new update has been weird.",1,gemini
I think I'm in love with this professor.,1,gemini
idek what to say about my boss anymore 🔥,1,gemini
Please review the attached controller and provide your feedback by EOD.,1,gemini
"To calculate the derivative, you must understand the server.",1,gemini
"If I fail this professor, I'm dropping out ☕",1,gemini
Thank you for reaching out. I will review the algorithm soon.,1,gemini
TIL that the economy is actually hilarious.,1,gemini
my aim is beautiful today 😂,1,gemini
ELI5: Why does OP skip?,1,gemini
YALL this assignment IS hilarious 🔥,1,gemini
my boss is mid tbh,1,gemini
I'm so incredibly proud of how far I've come this year 🤡,1,gemini
"If I fail this code, I'm dropping out 🔥",1,gemini
Thank you for reaching out. I will review the keyboard soon.,1,gemini
It is imperative that we address this assignment with actionable policy.,1,gemini
bruh the new update is so overpowered 💀,1,gemini
who else is studying instead of sleeping? 🙏,1,gemini
Sometimes I feel like the group chat is just too much.,1,gemini
I'm looping in the team to discuss the main character.,1,gemini
who else is screaming instead of sleeping? ✨,1,gemini
who else is laughing instead of sleeping? ✨,1,gemini
Sending good vibes to anyone struggling with this code ✨,1,gemini
idek what to say about my roommate anymore 🤡,1,gemini
My thesis explores the intersection of capitalism and controller.,1,gemini
studying OP is making me go cooked,1,gemini
Just needed a mental health day to deal with the new update.,1,gemini
NTA. this code sounds incredibly underwhelming.,1,gemini
lagging so hard my coffee is burning,1,gemini
bruh climate change is so underwhelming 🤡,1,gemini
literally studying because of this assignment,1,gemini
Just needed a mental health day to deal with the economy.,1,gemini
Sending good vibes to anyone struggling with this assignment 🚀,1,gemini
